ENSEMBL_base	SYMBOL	logFC	logCPM	F	PValue	FDR	direction
ENSG00000150628	SPATA4						not_tested
ENSG00000203729	LINC00272						not_tested
ENSG00000206652	RNU1-1						not_tested
ENSG00000213246	SUPT4H1						not_tested
ENSG00000218305	CDC14C						not_tested
ENSG00000225209	LOC102723427						not_tested
ENSG00000226567	LINC00606						not_tested
ENSG00000230268	SSU72L6						not_tested
ENSG00000230725	LOC284798						not_tested
ENSG00000236720	LINC01741						not_tested
ENSG00000237292	LINC01732						not_tested
ENSG00000237463	LRRC52-AS1						not_tested
ENSG00000253603	CERNA3						not_tested
ENSG00000259473	LINC02205						not_tested
ENSG00000263894	MIR3925						not_tested
ENSG00000264032	MIR4491						not_tested
ENSG00000265595	MIR4756						not_tested
ENSG00000272273	IER3-AS1						not_tested
ENSG00000276524	LINC03065						not_tested
ENSG00000278705	H4C2						not_tested
ENSG00000283881	MIR3916						not_tested
ENSG00000289460	LOC124909362						not_tested
ENSG00000289623	LOC101929614						not_tested
ENSG00000290007	LOC105375587						not_tested
ENSG00000290355	DDX11L10						not_tested
ENSG00000290770	MFSD14CP						not_tested
ENSG00000290837	LRRC37A5P						not_tested
ENSG00000291149	LOC154761						not_tested
ENSG00000171246	NPTX1	3.6882150610802	-0.995310784234773	40.7738245833617	3.85743103807831e-10	1.87387989318302e-09	Up
ENSG00000279141	LINC01451	3.20109932062909	1.76852363905451	66.0101132586015	4.72124499256321e-15	5.05413051673312e-14	Up
ENSG00000147614	ATP6V0D2	2.82196151039825	-0.478560223503949	41.1621725866512	3.32402084127775e-10	1.63217670607638e-09	Up
ENSG00000179930	ZNF648	2.24367155157151	0.475241377193467	32.8018419412245	1.90175462420675e-08	6.95070394930486e-08	Up
ENSG00000286315	LOC124901628	2.22889221524087	-1.99597444915481	62.6248268290523	1.21454579864562e-14	1.22092967453073e-13	Up
ENSG00000149554	CHEK1	2.22023762648793	2.55958283035136	127.279451388689	5.16936260688801e-26	2.28985100660195e-24	Up
ENSG00000140525	FANCI	2.19910042795427	3.12765854793083	140.063313614979	3.81451561182561e-28	2.19228688912978e-26	Up
ENSG00000142623	PADI1	1.94885910554074	2.10841366133069	10.276073013606	0.00144899621849501	0.00253304439179108	Up
ENSG00000188505	NCCRP1	1.86656135666557	-1.18465084494118	18.2868431229689	2.27929902567909e-05	5.21509666486683e-05	Up
ENSG00000265055	LOC124904048	1.77829486300957	-0.968752825399153	59.5886766452637	6.80748223727138e-14	6.06148232543268e-13	Up
ENSG00000163517	HDAC11	1.75818400391666	4.42538887932416	142.43331476363	1.53282981377463e-28	9.30284632845247e-27	Up
ENSG00000204625	HCG9	1.72412459896608	-2.73974424651812	29.5423417972191	7.37846774231741e-08	2.43937459830624e-07	Up
ENSG00000156804	FBXO32	1.68497164627773	3.59421289498416	51.4738713985957	3.22383886941673e-12	2.17783760252465e-11	Up
ENSG00000250571	GLI4	1.64723031343297	3.1341381682004	112.675078652903	1.61126232207179e-23	5.29923687688323e-22	Up
ENSG00000164841	TMEM74	1.57506984979805	1.41249696427889	33.2787353115928	1.53768755540875e-08	5.72114289252047e-08	Up
ENSG00000253716	MINCR	1.5513937639747	2.18623563750348	54.6126463294011	7.81459961372276e-13	5.84464254382899e-12	Up
ENSG00000160959	LRRC14	1.48409703438872	4.25274865818949	165.241563090914	3.30076988003892e-32	3.21035135469255e-30	Up
ENSG00000181790	ADGRB1	1.48048575818287	-0.263286061312384	17.0686550235611	4.31679409429051e-05	9.47313825011644e-05	Up
ENSG00000275395	FCGBP	1.45739923044045	3.5473909781831	19.3057457410849	1.40624152875616e-05	3.31516997648245e-05	Up
ENSG00000164638	SLC29A4	1.42567446005457	4.56241402928531	13.7526859590886	0.000235955326480626	0.000464904101408758	Up
ENSG00000266714	MYO15B	1.41775499288639	5.60479074092437	62.7488605157123	2.04481774200893e-14	1.97949838325739e-13	Up
ENSG00000112782	CLIC5	1.40994504366998	1.63497387085959	26.4331191940152	4.16774661853792e-07	1.22328791967119e-06	Up
ENSG00000176809	LRRC37A3	1.40713787785174	1.46958967365892	62.6557822543741	2.15650010422685e-14	2.08053352573544e-13	Up
ENSG00000156787	TBC1D31	1.39919275023661	2.46700816277224	155.538355420334	1.18216766064502e-30	9.40732649951752e-29	Up
ENSG00000170075	GPR37L1	1.39686854749204	-0.738613200351516	29.8779320709628	7.58875248014816e-08	2.50307851732887e-07	Up
ENSG00000135862	LAMC1	1.39062060112824	7.04045933610674	89.9730178822341	1.6895587610411e-19	3.27814730115384e-18	Up
ENSG00000185730	ZNF696	1.29867211315867	3.53831719997736	121.284600961689	5.31004517099849e-25	2.09085325340406e-23	Up
ENSG00000198169	ZNF251	1.26610070316461	3.56882706351828	131.004783223928	1.20859841445029e-26	5.79084027673139e-25	Up
ENSG00000173110	HSPA6	1.24833920437496	3.14172506116896	11.6697972645247	0.000695999111038526	0.00127723300823462	Up
ENSG00000221886	FAM200C	1.24833655068632	1.47412574566453	98.2494368725123	5.64240050464363e-21	1.31708095471984e-19	Up
ENSG00000169241	SLC50A1	1.23820483736961	6.23881168310544	88.2874459952816	3.42033987622395e-19	6.34938949779616e-18	Up
ENSG00000163624	CDS1	1.2007534770954	2.36173457335137	11.717536956096	0.000678953223712813	0.00124746075873738	Up
ENSG00000104419	NDRG1	1.1924311716013	7.76707953735963	30.1401531205868	6.898773125993e-08	2.296127194713e-07	Up
ENSG00000160972	PPP1R16A	1.18443126459591	6.58742442175346	46.1142625263827	3.73952942882394e-11	2.13196268212936e-10	Up
ENSG00000106701	FSD1L	1.165102492491	0.971843702139615	59.321731282041	9.50522421410483e-14	8.23182596698051e-13	Up
ENSG00000230124	LHX4-AS1	1.08833416115172	4.82409046219086	125.273414789759	1.10673249537574e-25	4.65584563073134e-24	Up
ENSG00000169926	KLF13	1.06530392508302	5.85715663725712	57.2009436012429	2.42296115707524e-13	1.9596365662358e-12	Up
ENSG00000164934	DCAF13	1.05429840270554	5.10082942300076	70.464192993288	6.91409894700186e-16	8.33905553443642e-15	Up
ENSG00000136295	TTYH3	1.01442826527739	6.11395858882918	38.0293800713314	1.61342354352807e-09	7.08468192690629e-09	Up
ENSG00000141527	CARD14	1.00773827742228	-0.477512258013417	13.2746785284571	0.000301207247225553	0.00058336956340791	Up
ENSG00000213780	GTF2H4	1.00699008056338	-2.67850195130669	21.0268880971086	5.28620063881782e-06	1.32849647017287e-05	Up
ENSG00000256802	LCIIAR	0.998536036771939	3.28364618530818	19.4946112757512	1.27936720907357e-05	3.03587929426601e-05	Up
ENSG00000174137	FAM53A	0.993824095669917	1.10383824701167	30.401337862418	6.10918180035443e-08	2.05132588660765e-07	Up
ENSG00000143498	TAF1A	0.940857784788726	1.18625622056965	57.773378407945	1.90013411121532e-13	1.56232486405886e-12	Up
ENSG00000267270	PARD6G-AS1	0.895169891210215	1.30642312858408	25.3040762986834	7.23853594873545e-07	2.05081339048015e-06	Up
ENSG00000258884	LINC02321	0.873588701584365	-0.545320667439522	14.4194810683595	0.000166819878888383	0.00033625485994338	Up
ENSG00000204257	HLA-DMA	0.813763265651267	5.72433097556046	13.3597285992984	0.000289019578189775	0.000561256868016584	Up
ENSG00000144724	PTPRG	0.801412418005313	4.88301126292011	35.5930733961354	5.09920934956077e-09	2.05004249402321e-08	Up
ENSG00000183496	MEX3B	0.791297501277969	0.417392076551292	17.1436209920148	4.18136841403753e-05	9.19545499421008e-05	Up
ENSG00000204438	GPANK1	0.774903638081026	4.73333970640901	49.6108243818705	7.52176388626634e-12	4.78176362067591e-11	Up
ENSG00000162909	CAPN2	0.760398802521309	6.56032710955946	36.5306513421268	3.27148071709058e-09	1.36141213458154e-08	Up
ENSG00000116984	MTR	0.760130283430633	5.11464961650841	29.6748114090802	8.63393109085256e-08	2.82733291649947e-07	Up
ENSG00000288568	ZCCHC14-DT	0.7283093369512	-1.93438820977329	11.8682797586104	0.000613531180377486	0.00113560150733663	Up
ENSG00000115840	SLC25A12	0.714377022519181	2.26704077170869	15.66451256472	8.85781899029994e-05	0.00018616225173168	Up
ENSG00000159199	ATP5MC1	0.711438350881321	6.79363371377877	28.1889724714581	1.77092544963904e-07	5.53397542517794e-07	Up
ENSG00000178209	PLEC	0.710080558015576	7.86486701563046	40.5877567236783	4.85956904729226e-10	2.32155608621588e-09	Up
ENSG00000137266	SLC22A23	0.709809965889067	4.89637931451602	32.2172933158954	2.54500876689834e-08	9.09719719268718e-08	Up
ENSG00000143486	EIF2D	0.709382503550901	5.81490525636125	76.7670315251647	4.5324099431901e-17	6.39114732943392e-16	Up
ENSG00000105928	GSDME	0.700657083309491	3.13137732309125	10.1187947356944	0.00157458064523532	0.0027397462465528	Up
ENSG00000052749	RRP12	0.698444870062698	4.88939281368574	34.8214006190093	7.35352674493155e-09	2.87163546993646e-08	Up
ENSG00000177192	PUS1	0.683242121691791	4.63114748830166	39.640035032733	7.5739214325373e-10	3.51513447995116e-09	Up
ENSG00000143324	XPR1	0.642976277416686	4.57575072168581	36.0537427439899	4.10002117476509e-09	1.67586892809768e-08	Up
ENSG00000164924	YWHAZ	0.63713493492366	8.22320907782445	31.9299496258791	2.92014529669798e-08	1.03390769769056e-07	Up
ENSG00000116586	LAMTOR2	0.631579329954446	6.44615795026401	23.7113617004071	1.57731323706275e-06	4.26393537977326e-06	Up
ENSG00000261189	DSP-AS1	0.630467389694098	2.08974683216586	9.14329293011086	0.00264709555169923	0.0044340360389433	Up
ENSG00000188818	ZDHHC11	0.627419461075147	1.56220209298911	7.83169428875599	0.00536722137037219	0.0086083573762016	Up
ENSG00000130299	GTPBP3	0.613544516998987	3.81068442995907	63.0327939794003	1.80609541331499e-14	1.76491736846869e-13	Up
ENSG00000124422	USP22	0.590500402810335	5.84585683531228	21.1447633104643	5.61455232492421e-06	1.40481086590754e-05	Up
ENSG00000187554	TLR5	0.589687020751852	1.94379332696203	9.52015059493615	0.00216474399205008	0.00367804468197594	Up
ENSG00000162729	IGSF8	0.589207852218167	6.8951961691262	17.1185493304518	4.22905095271356e-05	9.29044118077296e-05	Up
ENSG00000155760	FZD7	0.583295684947785	1.82356286214595	5.58864379820131	0.0185252894594796	0.0272344850338025	Up
ENSG00000242193	CRYZL2P	0.573883997193201	4.97110683386624	16.5968558519527	5.50915097552865e-05	0.000119094573567683	Up
ENSG00000140470	ADAMTS17	0.57088873986582	3.47089351384472	3.78926095709308	0.052236762390907	0.0709172318810935	ns
ENSG00000227110	LMCD1-AS1	0.538821599412537	-1.46872677476598	13.1236557491211	0.000321936129243256	0.000621665057309288	Up
ENSG00000167632	TRAPPC9	0.537011686896519	5.29650345661251	28.7035970321123	1.38029924403245e-07	4.38073218448397e-07	Up
ENSG00000108395	TRIM37	0.533451217571548	3.91257326636882	32.498068911442	2.22590963339262e-08	8.03098879936313e-08	Up
ENSG00000106009	BRAT1	0.517182040929453	5.7320780984416	41.6423881971735	2.97037650588296e-10	1.47218638713829e-09	Up
ENSG00000229980	TOB1-AS1	0.510400537929033	0.310902710527612	10.4307668374741	0.00133559231979475	0.00234905298347826	Up
ENSG00000167904	TMEM68	0.500745392304495	3.80393261244828	28.4399946084077	1.56875405756459e-07	4.9388952270179e-07	Up
ENSG00000157212	PAXIP1	0.499231352116327	2.83949579428352	22.578870015212	2.75951982721553e-06	7.22631592999635e-06	Up
ENSG00000006576	PHTF2	0.491668439864235	3.36750176424073	26.391379971403	4.24566643290924e-07	1.24519487560028e-06	Up
ENSG00000131773	KHDRBS3	0.488886450855539	3.84096736818816	9.82200497981475	0.00184303399217601	0.00316953382408447	Up
ENSG00000135837	CEP350	0.487310643157797	5.11336625110891	29.1020210258205	1.13843363175115e-07	3.66368934177381e-07	Up
ENSG00000214226	C17orf67	0.475577496985226	0.861050735037175	5.68602511666503	0.0175392046509006	0.0258616077792006	Up
ENSG00000149089	APIP	0.472170079343439	3.91889372048627	30.3564461003265	6.21883908054382e-08	2.08568462472881e-07	Up
ENSG00000164627	KIF6	0.468844046337397	-0.057838213139286	2.25099399744817	0.134267237329098	0.168149895689921	ns
ENSG00000137409	MTCH1	0.465446796396597	7.0397016506727	39.3208506517672	8.79462111701793e-10	4.03297968974836e-09	Up
ENSG00000183665	TRMT12	0.460271529838964	3.20459799472956	22.7440615647025	2.54263832762302e-06	6.69131128364146e-06	Up
ENSG00000076554	TPD52	0.452321035530562	5.53118243493963	12.4624197370163	0.000460245492256602	0.000867472228427992	Up
ENSG00000188522	FAM83G	0.434969531633988	4.71791355522019	8.84691528830533	0.00310188581439491	0.00514284397536342	Up
ENSG00000224157	HCG14	0.43096702964403	-2.63158619138925	2.76950360421141	0.0964874509829433	0.124466241394366	ns
ENSG00000163682	RPL9	0.426917284964268	8.45262089953045	9.58806669995043	0.00208716219963656	0.00355791510010699	Up
ENSG00000118873	RAB3GAP2	0.41634160144918	4.89392898849946	25.892106711273	5.41447758222876e-07	1.56341151096098e-06	Up
ENSG00000080823	MOK	0.409789395516609	1.70627791636775	11.1843922057749	0.000897930190517451	0.00161984727377827	Up
ENSG00000104472	CHRAC1	0.40408009320281	4.72614285996323	18.7250410225453	1.88132028269143e-05	4.35441557142015e-05	Up
ENSG00000176531	PHLDB3	0.399764411756684	4.38078194912151	14.6313288938553	0.000150168325743657	0.000304497587811822	Up
ENSG00000204590	GNL1	0.393501792705813	5.74699608245852	22.286737171339	3.18641009610944e-06	8.2511670699004e-06	Up
ENSG00000145996	CDKAL1	0.392299511730761	3.65277617089779	25.8262628100551	5.59330298567568e-07	1.6107551898139e-06	Up
ENSG00000004766	VPS50	0.389440621436129	3.65960098745789	26.9213109644377	3.2792451688303e-07	9.77887064955565e-07	Up
ENSG00000087191	PSMC5	0.384464261965568	6.85259248815983	13.1230455083457	0.000326667946114643	0.000629736413509492	Up
ENSG00000116670	MAD2L2	0.383767247299959	5.01673911510044	10.2243791333451	0.00148878242447382	0.00259900277660503	Up
ENSG00000168876	ANKRD49	0.381211944699333	2.83396190384616	30.5469465647004	5.67847895688988e-08	1.91859415943968e-07	Up
ENSG00000168672	LRATD2	0.357240857449194	4.70849245333084	5.38118945222977	0.0208245274339947	0.0303189239937491	Up
ENSG00000170364	SETMAR	0.356615410423264	3.06550336441928	14.6998537947381	0.000145009557836776	0.000294667189893498	Up
ENSG00000105982	RNF32	0.355582029599715	-0.11600240923391	10.0641088072687	0.00162087409891015	0.00281405703082586	Up
ENSG00000197061	H4C3	0.355520712013994	-2.76934760828588	2.29879596268891	0.129862693521708	0.163262721198727	ns
ENSG00000126870	DYNC2I1	0.347499171109942	2.73425024741387	12.5750933697527	0.000434164222834742	0.000820913555154627	Up
ENSG00000158711	ELK4	0.339539999946282	5.58921305526265	11.6261562808681	0.000711954877292031	0.00130388517359695	Up
ENSG00000189043	NDUFA4	0.31698604732557	7.79744625750654	9.20441146468617	0.00256130380953535	0.00429918971909543	Up
ENSG00000110906	KCTD10	0.299185960748615	4.62524320176401	17.7449139829714	3.08161569571442e-05	6.91457079944439e-05	Up
ENSG00000070540	WIPI1	0.268148963670734	3.58293707031934	3.63846990968221	0.0571281908561085	0.0768973560263883	ns
ENSG00000262454	MIR193BHG	0.248147210503194	2.0655467963729	2.35522124234783	0.12560598690699	0.158366110244096	ns
ENSG00000162585	FAAP20	0.245354194949879	4.98881013077831	5.6402403001079	0.0179924591626149	0.026499086137446	Up
ENSG00000145982	FARS2	0.223040782954428	4.14491301970516	5.58084390802486	0.0186045822237838	0.0273404588901075	Up
ENSG00000183431	SF3A3	0.222570747481376	5.6825038919414	11.3724567934319	0.000813139949573748	0.00147683761171087	Up
ENSG00000185813	PCYT2	0.220794939673439	7.57395749131968	2.98329797053032	0.0848487617904767	0.110599826436968	ns
ENSG00000171421	MRPL36	0.213536234740839	4.54352423763094	4.97220722554805	0.0262756098201178	0.0376223091472828	Up
ENSG00000109084	TMEM97	0.20648169733478	6.62860037064657	1.93150904551732	0.165315513093298	0.203231014016657	ns
ENSG00000278311	GGNBP2	0.204180434607441	5.62195239643125	13.567177284898	0.000259645921480165	0.000507757477828413	Up
ENSG00000169139	UBE2V2	0.185967291133305	5.59395135320012	4.19936466043117	0.0410479285724514	0.0568392435130458	ns
ENSG00000273344	PAXIP1-DT	0.170906784665764	2.9828179389715	2.41655302117102	0.120798915868353	0.152796227769012	ns
ENSG00000185220	PGBD2	0.150267272284808	2.08408028205008	3.2736254196818	0.07110606478666	0.0941749841992316	ns
ENSG00000167920	KRT10-AS1	0.125467580026609	3.40292835502476	0.709051043138934	0.400229602550854	0.451012322485712	ns
ENSG00000259203	LOC101928499	0.117495402602406	2.90713071682752	0.455550781081316	0.500075659719252	0.54883647294934	ns
ENSG00000164815	ORC5	0.105020062209719	3.84076177242634	2.33234050885703	0.127450066758228	0.160531079160469	ns
ENSG00000065518	NDUFB4	0.0915219089136353	6.38987287356567	1.56501360457633	0.211615683164949	0.253816144039583	ns
ENSG00000197857	ZNF44	0.0910294583341353	3.17600046136529	1.24948696716769	0.264278113410756	0.30989260565281	ns
ENSG00000108960	MMD	0.0858673109327377	4.08789086975276	0.318119100679462	0.573035624745554	0.618739887801133	ns
ENSG00000115756	HPCAL1	0.0731537460235052	5.44140633326322	0.903981854745016	0.342252576287233	0.391758104095013	ns
ENSG00000231768	LINC01354	0.0718136666099468	-1.31653708353327	0.0747708169306853	0.784632020250393	0.81392161116129	ns
ENSG00000170873	MTSS1	0.0699752716750874	6.52579078180822	0.383182255562192	0.536234209140873	0.583539942901269	ns
ENSG00000132294	EFR3A	0.0419102496304184	6.25008680083893	0.130425231285981	0.718169653813713	0.753773434382323	ns
ENSG00000114988	LMAN2L	0.0286245586628572	4.47526635824505	0.169427116113307	0.680827445424316	0.71898992299253	ns
ENSG00000111850	SMIM8	0.0264034127093305	2.29272738428693	0.0836260734607136	0.772582766834752	0.802923018877215	ns
ENSG00000164938	TP53INP1	0.0232364838101319	7.43188244487941	0.021751238705314	0.882820201459597	0.900345266401639	ns
ENSG00000234127	TRIM26	0.0179660080629177	6.4660146379074	0.0504590190299556	0.822373607202153	0.847164302100837	ns
ENSG00000116574	RHOU	0.0116217353760175	6.37117230404727	0.00915235504776506	0.923829055505221	0.935377946180413	ns
ENSG00000119927	GPAM	-0.00563042700226018	7.6523330467033	0.000772365832067162	0.977841415667303	0.981290743823455	ns
ENSG00000160325	CACFD1	-0.00852288607106901	6.28571122656862	0.0068716112021131	0.933973619121896	0.943592382367613	ns
ENSG00000134389	CFHR5	-0.0252848844883886	7.38880784395293	0.00621126588197123	0.937219303397929	0.946367368828851	ns
ENSG00000131459	GFPT2	-0.0324475308149926	1.21282787350285	0.0125486009419422	0.910860063985434	0.924467721916004	ns
ENSG00000153487	ING1	-0.0359995909993662	4.1231527139714	0.116557602540865	0.732966005179534	0.767639469508122	ns
ENSG00000139197	PEX5	-0.0391818642523264	5.78003467847293	0.217036900997305	0.641543849485433	0.682380542619946	ns
ENSG00000172845	SP3	-0.0436559156267735	5.48747867178259	0.288625205615819	0.59138192303579	0.635860593677495	ns
ENSG00000272690	LINC02018	-0.045283103384527	-1.90528353410003	0.0895515632094848	0.764861767078321	0.79582563353225	ns
ENSG00000148719	DNAJB12	-0.0476058017915678	5.55322360926282	0.616093774753978	0.432936597765349	0.483592835756642	ns
ENSG00000130147	SH3BP4	-0.0663165206903965	6.18836887076738	0.228871371830126	0.632606106107565	0.673911660129107	ns
ENSG00000164823	OSGIN2	-0.0794673948813717	4.61830393759835	0.500762150557133	0.479550458974437	0.528860245956254	ns
ENSG00000163811	WDR43	-0.0815267636170989	4.77804435804078	1.124347970457	0.289581915548304	0.336804722810908	ns
ENSG00000107959	PITRM1	-0.0901698219312926	5.58915945058992	1.14312513212478	0.285595243504681	0.332575836416447	ns
ENSG00000188931	CFAP126	-0.0903919976194282	2.33660202297196	0.428545572660583	0.513056134192301	0.56124222821834	ns
ENSG00000132849	PATJ	-0.0920614031333467	5.03036925962904	0.757488218159034	0.384603368829148	0.435438666360689	ns
ENSG00000185418	TARS3	-0.130581289190595	2.74275745091275	2.24627461745974	0.134674975614526	0.168604861104076	ns
ENSG00000162852	CNST	-0.13188780680003	4.99426256922119	1.98152917761073	0.159954933702567	0.1972162271053	ns
ENSG00000127980	PEX1	-0.149592782123675	3.62120251656177	2.23597747658755	0.135568598570447	0.169648965462407	ns
ENSG00000249201	TERLR1	-0.162216766002588	1.29808615570028	0.307334599828234	0.579612196493616	0.624799601193492	ns
ENSG00000265479	DTX2P1-UPK3BP1-PMS2P11	-0.173164080721849	-2.90989359721842	0.989940695588431	0.320035282108669	0.36901828885962	ns
ENSG00000144320	LNPK	-0.178786846013726	4.77711068585008	3.54359589274683	0.0604535923504046	0.0810714341112992	ns
ENSG00000007516	BAIAP3	-0.18645585406585	3.4299205629174	1.4572995250949	0.228027423218604	0.271398186645341	ns
ENSG00000164749	HNF4G	-0.19706583040716	3.72673133297582	1.99075947255476	0.158988187837871	0.196098643345008	ns
ENSG00000109184	DCUN1D4	-0.197411042280447	5.12259619046829	7.02493431329744	0.00833607949698904	0.012944042660297	ns
ENSG00000116962	NID1	-0.214802734600243	7.29842147958402	2.51505874409346	0.113501559016116	0.14441672620606	ns
ENSG00000137274	BPHL	-0.248834272929633	5.28327584742634	3.79600516140855	0.052027893133086	0.070675827851015	ns
ENSG00000197912	SPG7	-0.283815357258104	5.95279839353398	17.0035577389664	4.48258567982182e-05	9.81330968517361e-05	Down
ENSG00000162337	LRP5	-0.294173070066689	7.42548081662037	6.77015564085115	0.00959077509200096	0.0147693653372251	Down
ENSG00000092871	RFFL	-0.294915847635643	4.60625306281237	5.5466847084923	0.0189661193985551	0.0278268380216424	Down
ENSG00000115884	SDC1	-0.294964320654089	9.70064236661035	5.94058794579861	0.0152021960140833	0.0226371878490265	Down
ENSG00000110435	PDHX	-0.311849595689134	4.80410149074014	19.398384121547	1.34207788782906e-05	3.17409858143006e-05	Down
ENSG00000185630	PBX1	-0.316381734526785	3.66185741160988	1.71915185450695	0.19050553356586	0.231114895438454	ns
ENSG00000198848	CES1	-0.320554635390155	11.1069408706967	2.03803565829653	0.154136457656469	0.190693174592498	ns
ENSG00000137474	MYO7A	-0.325563254805178	4.73651563480452	3.96171662664988	0.0471815853595802	0.06464425387988	ns
ENSG00000164850	GPER1	-0.327978885891107	4.40195509227866	3.15127571590893	0.076578064333052	0.100707278756265	ns
ENSG00000143641	GALNT2	-0.341719359925673	6.73300161187378	10.3543794309125	0.00138981414189277	0.0024378250524345	Down
ENSG00000109171	SLAIN2	-0.362403526149466	5.0751620277218	30.6591908174751	5.3739911643071e-08	1.82302377267052e-07	Down
ENSG00000119004	CYP20A1	-0.374992942747512	4.39882033636337	39.2180095454578	9.23157369619011e-10	4.22059834776197e-09	Down
ENSG00000108064	TFAM	-0.381673747149611	4.79530074975349	31.9886730739209	2.83935890944354e-08	1.00749874368609e-07	Down
ENSG00000175866	BAIAP2	-0.383211757227142	5.61267426875755	8.12772945333289	0.00457005597740572	0.00740811281978467	Down
ENSG00000105856	HBP1	-0.393318948477872	4.6507854671062	9.54294544266361	0.00213795985144746	0.00363796846796955	Down
ENSG00000008513	ST3GAL1	-0.396968977030341	7.24199712432765	5.56877116113599	0.0187313574112058	0.0275072243722823	Down
ENSG00000186480	INSIG1	-0.397097678297421	9.15799544231261	3.36102145759983	0.0674506182621425	0.0896413793301081	ns
ENSG00000185658	BRWD1	-0.398726570516343	5.29355718693868	26.6013937488533	3.83056187702761e-07	1.13088283511832e-06	Down
ENSG00000119408	NEK6	-0.401593132555899	6.08266396844152	21.420526095962	4.89558803437613e-06	1.23496661576553e-05	Down
ENSG00000157653	C9orf43	-0.41284348594473	-0.0323231053768915	11.0859584961843	0.000945507934554128	0.00169974842673913	Down
ENSG00000256162	SMLR1	-0.417356832391589	5.41855206650424	6.19378829666278	0.0131988922872744	0.0198436774716658	Down
ENSG00000110090	CPT1A	-0.484253858078694	7.4511000449731	11.4151777661094	0.000795131145400336	0.00144574496589968	Down
ENSG00000169967	MAP3K2	-0.512156308625844	5.37466828380665	55.92116703882	4.30518711550328e-13	3.33725318670773e-12	Down
ENSG00000165178	NCF1C	-0.570731895377248	0.0183447912688381	10.1535112531569	0.00154638609855166	0.00269357119370406	Down
ENSG00000115109	EPB41L5	-0.589714128145136	5.18640756212502	39.6216708958715	7.6380987089468e-10	3.54332426654954e-09	Down
ENSG00000125637	PSD4	-0.619173019646789	6.0374070174471	42.737325577151	1.78434678114844e-10	9.16082751909707e-10	Down
ENSG00000091262	ABCC6	-0.657181632342046	7.11839255960873	24.6241652346153	1.00715801931746e-06	2.80493261889943e-06	Down
ENSG00000078177	N4BP2	-0.675693944960527	3.70373512044665	31.1593602086831	4.22785384690988e-08	1.45790493487609e-07	Down
ENSG00000198894	CIPC	-0.679268729445424	3.36198298866558	41.575232780052	3.06827238397402e-10	1.51707171815913e-09	Down
ENSG00000166780	BMERB1	-0.681421176342611	3.97027029238664	16.8786547135207	4.77599131123428e-05	0.000104225511796319	Down
ENSG00000187866	PABIR1	-0.747134349578936	3.86033839292252	111.353228348592	2.71315305640144e-23	8.61208513398054e-22	Down
ENSG00000114315	HES1	-0.975814033793951	5.37546461953702	70.5751353915969	6.58666106162735e-16	7.97795737634789e-15	Down
ENSG00000112425	EPM2A	-0.990093878118469	2.4639645652607	105.991126516102	2.37441383464495e-22	6.66329031599069e-21	Down
ENSG00000143507	DUSP10	-1.13760929464927	5.29730628593623	77.9637591111642	2.71336809132346e-17	3.93084305476961e-16	Down
ENSG00000150681	RGS18	-1.23782924174034	-0.179360480857525	59.9375471099679	7.11294239780604e-14	6.30878628338533e-13	Down
ENSG00000139344	AMDHD1	-1.34638679261205	6.32079360824565	51.7880113036572	2.78915976914867e-12	1.8999846508846e-11	Down
ENSG00000155090	KLF10	-1.44014425483954	5.82987396133326	127.42356462452	4.78810504223091e-26	2.13253390716503e-24	Down
ENSG00000158473	CD1D	-1.59303233599675	2.85505862211936	71.9105816308412	3.70928395694709e-16	4.64609761013532e-15	Down
ENSG00000173334	TRIB1	-1.98859915747499	6.93984761977804	273.581465805268	7.11285676240725e-48	4.49670852932296e-45	Down
