seqnames	start	end	width	strand	variantID	refAllele	altAllele	norm_refCount	norm_altCount	norm_sumCount	percRef	pVal	adjPVal	peak_start	peak_end	annotation	geneId	transcriptId	distanceToTSS	ENSEMBL	SYMBOL	GENENAME	n_motifs_matched	motif_names	mb_n_motifs_disrupted	mb_n_strong	mb_disrupted_TFs	mb_max_abs_alleleDiff
chr7	77008124	77008124	1	*	rs10278476	G	A	94	53	147	0.639455782312925	0.000906193026851725	0.0357574199342843	77007937	77008437	Intron (ENST00000636308.1/441263, intron 10 of 14)	441263	ENST00000451831.1	-3427	ENSG00000265479	DTX2P1-UPK3BP1-PMS2P11	DTX2P1-UPK3BP1-PMS2P11 readthrough, transcribed pseudogene	34	RELA;ZNF354C;DUX4;POU2F2;STAT1::STAT2;IRF1;YY1;KLF5;TBX20;MEF2D;POU2F1;POU5F1B;POU5F1;RBPJ;ZNF384;JUN::JUNB(var.2);CREB3L4(var.2);KLF6;MAZ;THAP11;ASCL1;E2F2;JUNB(var.2);ASCL1(var.2);BHLHE22(var.2);NFIB;ZBTB12;ZNF16;HNF4A;HNF4G;MYOD1;MYOG;POU2F3;SNAI2	3	2	KAISO	1.85886632586287
chr1	181166708	181166708	1	*	rs6663970	A	G	4	21	25	0.16	0.000910520553588867	0.0357574199342843	181166504	181167004	Distal Intergenic	101928973	ENST00000435023.1	-7776	ENSG00000237292	LINC01732	long intergenic non-protein coding RNA 1732	61	NR1H2::RXRA;CTCF;NFATC2;MEF2C;TCF7L2;FOXP2;FOXG1;NFATC3;FOXL1;HNF1A;HNF1B;MEF2B;NEUROD2;NEUROG2;NKX6-1;NKX6-2;OLIG2;MEF2D;MYBL1;BHLHE23;BHLHE22;OLIG1;OLIG3;FOXB1;FOXC1;FOXC2;RXRB;RXRG;HOXB3;ISL2;FOXK1;POU5F1;ZNF384;TCF7L1;ATOH7;BARX2;HOXB6;HOXB8;IKZF1;NFATC4;NKX6-3;NR1I3;NR2F1(var.2);PPARD;TCF21(var.2);THRB;ZNF528;FOXD2;HOXD8;HOXD9;NEUROG1;ZBTB12;FOXA3;ETV4;FOXA1;FOXA2;FOXK2;FOXP1;MEF2A;ONECUT1;PHOX2B	26	16	KLF1;KLF12;KLF4;KLF5;MAZ;PRDM4;SP1;SP2;TBX1;TBX15;TFDP1;ZN331	1.83923001376914
chr2	173986978	173986978	1	*	rs1320833275	A	T	4	21	25	0.16	0.000910520553588867	0.0357574199342843	173986777	173987277	Distal Intergenic	6670	ENST00000310015.12	-21605	ENSG00000172845	SP3	Sp3 transcription factor	84	FOXF2;FOXD1;SRY;EWSR1-FLI1;STAT1::STAT2;TCF7L2;IRF1;FOXP2;FOXG1;POU6F1;FOXI1;FOXL1;FOXO3;ISX;MEOX1;MSC;MSX1;MYF6;NKX6-1;NKX6-2;PAX7;POU4F2;ZBTB18;MNX1;MSX2;NOTO;PDX1;PROP1;PRRX1;VAX2;VENTX;PAX3;POU1F1;POU2F1;POU3F4;POU5F1B;FOXB1;FOXC1;FOXC2;FOXO4;FOXO6;FOXP3;DLX6;EMX2;EVX1;EVX2;GSX1;HMBOX1;HOXA10;HOXB3;ISL2;FOXK1;ZNF384;ATOH1(var.2);BARX2;BHLHA15(var.2);FOXE1;FOXN3;HOXB4;HOXC4;HOXD4;LHX5;TFAP4(var.2);THRB(var.3);FOXD2;GFI1;GSX2;HOXA13;HOXA2;HOXD3;HOXD9;LMX1A;MYF5;ZNF652;FOXA3;CDX2;FOXA1;FOXA2;FOXK2;FOXP1;HOXB13;LHX2;MYOG;PHOX2B	0	0	NA	NA
chr2	120067438	120067438	1	*	rs1530531	T	C	5	23	28	0.178571428571429	0.000912234187126161	0.0357574199342843	120067108	120067608	Intron (ENST00000443902.6/57669, intron 3 of 23)	57669	ENST00000489017.5	-23045	ENSG00000115109	EPB41L5	erythrocyte membrane protein band 4.1 like 5	68	FOXF2;FOXD1;SRY;MEF2C;POU2F2;STAT1::STAT2;STAT3;FOXP2;FOXG1;SHOX;FOXI1;FOXL1;FOXO3;HNF1A;HNF1B;HSF1;MSX1;NKX2-3;NKX2-8;POU4F2;MSX2;PHOX2A;PROP1;RAX;HSF2;HSF4;IRF7;MEF2D;MEIS3;POU4F1;POU4F3;POU5F1B;POU6F2;FOXB1;FOXC1;FOXC2;FOXO4;FOXO6;FOXP3;SOX21;DLX6;HESX1;HMBOX1;FOXK1;ZNF384;BARX2;DLX5;FOXE1;FOXN3;NKX6-3;NR1D1;OSR1;POU6F1(var.2);FOXD2;LHX9;PRRX2;OSR2;FOXA3;FOXA1;FOXA2;FOXK2;FOXP1;HOXB13;LHX2;MEF2A;NFIL3;PHOX2B;POU2F3	1	1	ESR1	1.3209636889111
chr1	247210941	247210941	1	*	rs56123640	C	A	70	116	186	0.376344086021505	0.000918099957912862	0.0359178421253998	247210675	247211175	Exon (ENST00000428687.1/ENST00000428687.1, exon 4 of 4)	100500849	ENST00000640589.1	-8881	ENSG00000283881	MIR3916	microRNA 3916	59	SRY;NR1H2::RXRA;NR2C2;POU2F2;ELK4;FOXP2;KLF5;ELF4;ELF5;SP4;EGR3;KLF14;KLF16;SP8;MEF2D;MEIS3;POU4F1;FOXC1;FOXC2;RXRB;RXRG;SOX21;TFAP2A(var.3);NFYA;PBX3;SIX2;ZBTB7A;ZSCAN4;PPARA::RXRA;ELF2;IKZF1;KLF10;KLF11;KLF15;KLF2;KLF3;KLF6;NKX6-3;NR2F1(var.2);PPARD;SP9;THRB;ZBTB6;ZNF136;SP1;SP2;SP3;NFYC;ZNF148;ZNF652;CTCFL;ETV4;KLF4;KLF9;ONECUT1;PHOX2B;PKNOX1;SPI1;SREBF1(var.2)	13	4	KLF15;NR5A2;STF1	1.81369940384459
chr14	102305238	102305238	1	*	rs567378743	C	T	10	32	42	0.238095238095238	0.000940674028242939	0.0365445304752673	102304969	102305469	Promoter (<=1kb)	5891	ENST00000524019.5	-48	ENSG00000080823	MOK	MOK protein kinase	60	EWSR1-FLI1;NRF1;POU2F2;STAT1::STAT2;IRF1;YY1;KLF5;LBX1;SHOX;ALX3;EN1;ESX1;ISX;MIXL1;MSX1;NKX6-1;NKX6-2;SP4;LBX2;MSX2;PRRX1;RAX2;RAX;UNCX;BCL6B;MEIS3;POU3F4;POU5F1B;RFX2;RFX4;RFX5;FOXB1;FOXC1;DLX6;GSX1;PBX3;RBPJ;ZNF384;ARGFX;DRGX;IKZF1;LHX5;TLX2;BCL6;LHX9;PRRX2;SP1;ZFP42;FOXA3;ETV4;FOXA2;FOXP1;HOXB13;LHX2;MZF1;RFX1;RFX3;TFAP2A;TFAP2C(var.2);YY2	1	1	ZN816	0.744461871844583
chr7	48905063	48905063	1	*	rs10231763	C	T	10	32	42	0.238095238095238	0.000940674028242939	0.0365445304752673	48904910	48905410	Distal Intergenic	168448	ENST00000650262.2	-19484	ENSG00000218305	CDC14C	cell division cycle 14C	47	FOS;JUN(var.2);MAF::NFE2;STAT1::STAT2;IRF1;STAT1;STAT3;GATA1::TAL1;HNF1A;HNF1B;IRF9;POU4F2;ESRRB;BCL6B;ONECUT3;IRF7;MEF2D;POU4F1;POU4F3;FOXC2;SOX21;MYB;TEAD2;ZNF24;ZNF384;IRF3;CDX4;FOXE1;HOXB4;MSGN1;BCL6;CDX1;HOXA13;NRL;BACH1;CEBPG(var.2);MEIS2(var.2);ATF4;CDX2;MAFF;MAFG;NFE2L1;ONECUT1;PBX2;TCF7;TEAD1;TEAD4	11	10	STA5A;STA5B;STAT1;STAT3;STAT4	1.86813080811588
chr7	92528488	92528488	1	*	rs12386703	G	C	75	39	114	0.657894736842105	0.000959196769898428	0.0371993189049565	92528374	92528874	Promoter (<=1kb)	5189	ENST00000248633.9	32	ENSG00000127980	PEX1	peroxisomal biogenesis factor 1	38	CTCF;PLAG1;TCF7L2;YY1;KLF5;SP4;PHOX2A;KLF14;KLF16;SP8;ZIC4;LEF1;PBX3;RORC;KLF10;KLF11;KLF15;KLF2;KLF6;SP9;ZIC5;ZNF135;ZNF460;ZNF75D;SP1;SP2;SP3;OSR2;ZFP42;ZNF148;ZNF652;CTCFL;HOXB13;KLF4;KLF9;PHOX2B;PKNOX1;TCF7	3	1	ZF64A	1.66571208641536
chr7	104208108	104208108	1	*	rs142184627	C	T	34	68	102	0.333333333333333	0.000986536808184602	0.0380281375179127	104207808	104208308	Promoter (<=1kb)	5001	ENST00000626700.1	-61	ENSG00000164815	ORC5	origin recognition complex subunit 5	36	RXRA::VDR;NFATC2;NR2C2;YY1;NFATC3;TFCP2;NR2F1;ZNF143;RXRB;RXRG;NR1H4;SIX1;SIX2;PPARA::RXRA;RORC;IRF5;BACH2(var.2);HNF4A(var.2);KLF17;NFATC4;NR2F1(var.2);PPARD;THRB;ZNF136;ZNF382;ZNF684;EBF3;NKX2-2;ZNF652;CEBPA;CEBPD;HLF;MZF1;NKX2-5;ZNF263;CREM	1	0		0.599812436456632
chr8	80171709	80171709	1	*	rs73252164	C	A	30	9	39	0.769230769230769	0.0010650196345523	0.0400776458549901	80171343	80171843	Promoter (<=1kb)	7163	ENST00000521241.6	-136	ENSG00000076554	TPD52	tumor protein D52	18	RREB1;ZNF354C;EWSR1-FLI1;CREB3;CREB3L1;XBP1;MTF1;ATF6;CREB3L4;NR1I2;NR2F1(var.3);ZKSCAN5;ZNF449;EGR1;KLF4;MZF1;SREBF1(var.2);ZNF263	4	2	TBX1	0.740619696733376
chr16	87529108	87529108	1	*	rs9921903	G	T	43	17	60	0.716666666666667	0.00106576577914344	0.0400776458549901	87528817	87529317	Distal Intergenic	101928737	ENST00000563921.1	34921	ENSG00000288568	ZCCHC14-DT	ZCCHC14 divergent transcript	55	FOXD1;RXRA::VDR;REL;ZNF354C;INSM1;NR2C2;TCF7L2;ELK4;FOXP2;FOXG1;ELF4;ELF5;FOXI1;FOXL1;FOXO3;HNF1A;HNF1B;HSF1;KLF13;NR2F1;ELK3;ETV3;HSF2;HSF4;FOXO4;FOXO6;FOXP3;RXRB;RXRG;ELK1;FOXK1;NR2F2;POU5F1;ZBTB7A;ELF2;FOXN3;NR2F1(var.2);PPARD;TBX3;THRB;ZNF317;ZBTB12;ZNF652;FOXA3;ETV5;FOXA1;FOXA2;FOXK2;FOXP1;HNF4A;HNF4G;POU2F3;SPI1;SPIB;TCF7	7	2	ZN652	1.32648338894288
chr1	205631517	205631517	1	*	rs7523896	G	A	23	52	75	0.306666666666667	0.00107951550666629	0.0404907269208031	205631257	205631757	Promoter (<=1kb)	2005	ENST00000616704.4	376	ENSG00000158711	ELK4	ETS transcription factor ELK4	71	IRF2;MZF1(var.2);EWSR1-FLI1;NFATC2;PLAG1;NR2C2;STAT1::STAT2;ELK4;IRF1;KLF5;NFATC3;ELF4;ELF5;ETV6;FLI1;IRF8;IRF9;SPIC;ZBTB7B;ZBTB7C;ZIC1;EGR2;EGR3;EGR4;KLF16;SP8;ERF;ERG;ETS1;ETV2;IRF7;MEIS3;NFKB1;NFKB2;TFAP2B(var.3);TFAP2C(var.3);FIGLA;TFAP2A(var.3);ZBTB7A;ZNF384;PPARA::RXRA;IRF3;IRF4;FERD3L;IKZF1;KLF11;KLF15;KLF2;SP9;ZBTB32;HES1;SP2;SP3;TCFL5;ZKSCAN5;ZNF148;ZNF449;CTCFL;EGR1;EHF;ELF1;ELF3;ETV1;ETV4;GABPA;KLF4;KLF9;RUNX3;SPI1;SPIB;ZNF263	7	3	MBD2;ZF64A	1.91414910525881
chr20	29497376	29497376	1	*	rs1411265494	G	C	92	52	144	0.638888888888889	0.0010812900684472	0.0404907269208031	29497072	29497572	Promoter (<=1kb)	102723390	ENST00000634469.1	-197	NA	FRG1EP	FSHD region gene 1 family member E, pseudogene	51	FOXF2;FOXD1;ELK4;FOXP2;FOXG1;ELF4;ELF5;ETV6;FLI1;FOXI1;FOXL1;FOXO3;SPDEF;ELK3;ERF;ERG;ETS1;ETV3;FEV;MEIS1;FOXB1;FOXC1;FOXC2;FOXO4;FOXO6;FOXP3;ELK1;FOXK1;ZBTB7A;ZSCAN4;ELF2;FOXE1;FOXN3;NHLH2;ZBTB26;FOXD2;GFI1;FOXA3;E2F6;EHF;ELF1;ELF3;ESRRA;ETV1;ETV5;FOXA1;FOXA2;FOXK2;FOXP1;GABPA;ZNF263	3	2	ARNT2	1.22166578360574
chr1	61742713	61742713	1	*	rs192133670	G	A	12	35	47	0.25531914893617	0.00108853820647426	0.0406257033226322	61742652	61743152	Promoter (<=1kb)	10207	ENST00000635023.1	168	ENSG00000132849	PATJ	PATJ crumbs cell polarity complex component	29	ZNF354C;EWSR1-FLI1;SMAD2::SMAD3::SMAD4;ESR2;KLF5;ZBTB7C;ZIC3;ESR1;SOX10;KLF15;KLF2;MAZ;NR2C2(var.2);SP9;TFAP2E;ZNF135;ZNF136;ZNF460;GFI1;SOX4;SP2;SP3;NKX2-2;PRDM4;ZBTB14;ZNF148;E2F6;EGR1;KLF4	39	29	EHF;ELF1;ELF2;ELF5;ELK1;ELK4;ERG;ETS1;ETS2;ETV1;ETV6;ETV7;FEV;FLI1;GABP1;GABPA;KLF15;SPI1;SPIB;WT1;ZN281;ZSC22	1.97245887126624
chr9	129550379	129550379	1	*	rs13285330	G	C	21	49	70	0.3	0.00109324497296861	0.0407331934414596	129550145	129550645	Distal Intergenic	105376292	ENST00000658659.1	-24738	NA	LOC105376292	uncharacterized LOC105376292	24	RREB1;ZNF354C;CTCF;EWSR1-FLI1;PLAG1;STAT1;SP4;TFAP2B(var.3);TFAP2C(var.3);TFAP2A(var.3);TEAD2;KLF17;KLF3;PLAGL2;ZBTB26;ZNF460;ZNF682;ZKSCAN5;ZNF16;CTCFL;RFX1;SPI1;TEAD4;ZNF263	1	1	ZN563	1.24717486042099
chr12	103841451	103841451	1	*	rs34187551	C	G	73	119	192	0.380208333333333	0.00110893425154869	0.0412491146430705	103841072	103841572	Promoter (<=1kb)	107984433	ENST00000551650.1	0	NA	LOC107984433	uncharacterized LOC107984433	39	MAX::MYC;RREB1;PLAG1;KLF5;SP4;ZBTB7C;KLF14;KLF16;SP8;TFAP2B(var.2);CLOCK;MAX;SOX21;MYC;RARA::RXRG;FERD3L;HES6;KLF11;KLF15;KLF17;KLF2;KLF6;MSANTD3;PLAGL2;SP9;TFAP4(var.2);ZNF682;SP1;SP2;SP3;ZNF148;ZNF449;E2F6;EGR1;KLF4;KLF9;MXI1;RFX3;TFAP2C(var.2)	35	30	KLF1;KLF12;KLF16;KLF3;KLF4;KLF5;KLF6;MAZ;PATZ1;SALL4;SP1;SP2;SP3;SP4;TBX1;TFDP1;ZN281	1.88242348190397
chr9	105448019	105448019	1	*	rs3818598	C	T	226	161	387	0.583979328165375	0.00111379496812574	0.0413606509437466	105447773	105448273	Promoter (<=1kb)	83856	ENST00000481272.6	-15	ENSG00000106701	FSD1L	fibronectin type III and SPRY domain containing 1 like	23	NR1H2::RXRA;ZNF354C;MEF2C;NR2C2;NRF1;STAT3;KLF5;BCL6B;RXRB;RXRG;RORB;IRF3;MAZ;NR2F1(var.2);PPARD;THRB;ZKSCAN5;ZNF148;KLF4;PRDM1;RFX1;RFX3;SPI1	24	20	KLF1;KLF12;KLF16;KLF3;KLF4;KLF5;KLF6;MAZ;PATZ1;SALL4;SP1;SP3;ZN467;ZNF41	1.85901191225197
chr3	4303349	4303349	1	*	rs172705	G	A	89	139	228	0.390350877192982	0.0011275547447593	0.0418367837450251	4303324	4303824	Promoter (<=1kb)	6419	ENST00000425046.1	12	ENSG00000170364	SETMAR	SET domain and mariner transposase fusion gene	48	PLAG1;NRF1;ZBTB33;ELK4;STAT1;STAT3;KLF5;ELF5;ETV6;SP4;ZBTB7C;ZBTB18;KLF14;KLF16;SP8;ZBED1;MEIS1;TFAP2B(var.2);HEY1;MAX;FOXC1;FOXC2;FOXO6;SOX21;MYC;MYCN;ZBTB7A;SOX15;HNF4A(var.2);KLF11;KLF15;KLF17;KLF2;KLF6;SP9;THRB(var.3);ZNF460;ZNF682;HES1;HES2;SP1;SP2;SP3;TCFL5;CTCFL;TFAP2A;TFAP2C(var.2);YY2	10	8	EGR3;KLF13;KLF14;KLF9;SP1	1.99814136985215
chr12	95943447	95943447	1	*	rs1436121	C	T	28	59	87	0.32183908045977	0.00116863749743833	0.0431457481359701	95943259	95943759	Promoter (<=1kb)	144193	ENST00000548310.1	-73	ENSG00000139344	AMDHD1	amidohydrolase domain containing 1	33	RREB1;NFIC::TLX1;ZNF354C;CTCF;RARA::RXRA;KLF5;FOXO3;RARA(var.2);EGR3;EGR4;FOXK1;RARA::RXRG;FOXN3;KLF15;KLF17;KLF2;NFIC(var.2);NFIX(var.2);TFAP2E;ZBTB26;ZNF460;EGR1;EHF;ELF1;ETV1;ETV4;GABPA;KLF4;KLF9;SCRT1;SCRT2;SPI1;SPIB	0	0	NA	NA
chr17	80454724	80454724	1	*	rs28670551	C	T	135	86	221	0.610859728506787	0.00119319109056405	0.0437253249811385	80454592	80455092	Exon (ENST00000562672.2/ENST00000562672.2, exon 1 of 1)	4884	ENST00000695485.1	19212	ENSG00000171246	NPTX1	neuronal pentraxin 1	31	ZNF354C;PLAG1;ZBTB33;ELK4;THAP1;KLF5;FLI1;KLF16;ELK3;ERG;PROX1;RFX2;RFX4;RFX5;ELK1;NFYA;TFDP1;ZBTB7A;ETS2;KLF11;KLF15;MAFA;RFX7;SP9;ZNF682;ZNF148;CTCFL;E2F6;ETV5;RFX1;RFX3	1	1	ZN320	1.18947023836231
chr17	80195837	80195837	1	*	rs750541	G	A	8	28	36	0.222222222222222	0.00119324296247214	0.0437253249811385	80195567	80196067	Exon (ENST00000650806.1/79092, exon 12 of 12)	79092	ENST00000649277.1	3394	ENSG00000141527	CARD14	caspase recruitment domain family member 14	27	REL;RELA;NR1H2::RXRA;ZNF354C;SMAD2::SMAD3::SMAD4;ZBTB18;ESRRB;NR2F1;IRF7;NR2F2;PBX3;ZEB1;NR5A1;NR6A1;ZBTB6;EBF3;TCF12(var.2);ZNF16;ZNF449;CTCFL;EBF1;ESRRA;HNF4A;HNF4G;NR4A1;PRDM1;TCF3	2	2	GCM1	1.46801036127175
chr6	30908016	30908016	1	*	rs367722597	C	G	28	8	36	0.777777777777778	0.00119324296247214	0.0437253249811385	30907831	30908331	Promoter (<=1kb)	2968	ENST00000259895.9	-191	ENSG00000213780	GTF2H4	general transcription factor IIH subunit 4	30	EWSR1-FLI1;NFATC2;IRF1;STAT3;SHOX;ALX3;UNCX;BCL6B;EGR2;EGR3;EGR4;ZNF143;LEF1;DLX6;HOXA10;ZNF384;TCF7L1;CDX4;THAP11;ZNF684;BCL6;HOXA13;HOXD9;LMX1A;OSR2;EGR1;GATA4;HOXB13;SPI1;ZNF263	1	0		0.403193152105311
chr8	133455823	133455823	1	*	rs2458	G	A	8	28	36	0.222222222222222	0.00119324296247214	0.0437253249811385	133455659	133456159	3' UTR	6482	ENST00000522204.1	20111	ENSG00000008513	ST3GAL1	ST3 beta-galactoside alpha-2,3-sialyltransferase 1	35	ZNF354C;CTCF;NFATC2;MEF2C;POU2F2;STAT1::STAT2;TCF7L2;IRF1;STAT3;TBXT;RARA;E2F7;POU1F1;RUNX2;TBX19;FOXB1;FOXC1;FOXC2;ZNF24;ZNF384;IRF3;NR1I3;ZNF317;FOXD2;MEIS1(var.2);ESRRA;FOXA1;HNF4G;MEF2A;MYOD1;PHOX2B;PRDM1;RUNX3;SNAI2;TCF7	0	0	NA	NA
chr8	143264656	143264656	1	*	rs28526813	T	C	14	38	52	0.269230769230769	0.00119512032000735	0.0437253249811385	143264605	143265105	Promoter (2-3kb)	2738	ENST00000519876.1	-2777	ENSG00000250571	GLI4	GLI family zinc finger 4	78	ZNF354C;RARA::RXRA;FOS;FOSL2;JUN(var.2);MAF::NFE2;HOXC11;NHLH1;NKX6-1;NKX6-2;TBX2;TBX20;TBX21;MNX1;NOTO;PHOX2A;RARA;ZNF143;MEIS3;POU6F2;EOMES;MGA;TBR1;TBX15;TBX1;TBX4;TBX5;RXRB;RXRG;SOX21;HOXC10;HOXC13;ZSCAN4;FOS::JUN;FOSL1::JUN;FOSL2::JUN;FOS::JUNB;FOSB::JUNB;FOSL1::JUNB;FOSL2::JUNB;FOS::JUND;FOSL1::JUND;FOSL2::JUND;TCF7L1;ATOH1(var.2);BACH2;BACH2(var.2);HNF4A(var.2);NHLH2;NKX6-3;NR2F1(var.2);NR6A1;OSR1;POU6F1(var.2);PPARD;SOX18;TBX18;TBX3;TBX6;THRB;BATF::JUN;BACH1;BATF;CEBPG(var.2);MYF5;ZNF341;ATF4;BATF3;CDX2;CEBPA;FOSL1;JUNB;JUND;MAFK;MYOD1;NFE2L1;PHOX2B;PKNOX1	8	4	KLF16;LEF1;TCF7	1.23837125684364
chr2	122808473	122808473	1	*	rs294672	T	C	11	33	44	0.25	0.00126003381626561	0.0458115479560731	122808219	122808719	Intron (ENST00000657880.1/105373595, intron 4 of 8)	105373595	ENST00000687364.1	47459	NA	LOC105373595	uncharacterized LOC105373595	36	SRY;ZNF354C;NFATC2;NFATC3;MSC;MYF6;NFIA;NFIX;ONECUT3;IRF7;NFKB2;TFAP2B(var.2);FIGLA;NFIC;POU5F1;SOX13;ZNF384;DMRTA2;DMRTC2;HNF4A(var.2);IKZF1;NR1I3;ZBTB26;ZNF75D;ASCL1(var.2);PRDM4;ZBTB12;ETV1;GRHL2;HNF4A;HNF4G;ONECUT1;POU2F3;SOX2;TFAP2A;TFAP2C(var.2)	1	0		0.619258695679783
chr7	155214463	155214463	1	*	rs111678021	G	A	11	33	44	0.25	0.00126003381626561	0.0458115479560731	155214250	155214750	Intron (ENST00000701183.1/ENST00000701183.1, intron 2 of 2)	124901782	ENST00000431083.1	-16008	NA	LOC124901782	uncharacterized LOC124901782	55	ZNF354C;EWSR1-FLI1;RARA::RXRA;JUN;JUND(var.2);SMAD2::SMAD3::SMAD4;IRF1;FOXG1;BHLHE41;FOXL1;HOXC11;HSF1;NHLH1;TFEB;ZBTB18;RARA(var.2);ZNF143;TFAP2B(var.3);BHLHE40;HOXD12;HOXC10;HOXC12;HOXC13;HOXD11;PBX3;ARNT2;ATOH1(var.2);BHLHA15(var.2);CDX4;HOXB9;HOXD10;IKZF1;POU6F1(var.2);THRB(var.3);ZNF135;ZNF682;ZNF75D;ASCL1;GLI2;HOXA13;HOXC9;BHLHE22(var.2);EHF;ELF1;ELF3;ETV1;GABPA;HOXB13;MITF;MYOG;NFE2L1;SCRT1;SCRT2;SREBF1(var.2);ZNF263	0	0	NA	NA
chr15	29687586	29687586	1	*	rs77382273	C	G	2	16	18	0.111111111111111	0.001312255859375	0.0468636751824257	29687309	29687809	Distal Intergenic	100130111	ENST00000560994.3	12596	ENSG00000256802	LCIIAR	lung cancer immune cell infiltration associated lncRNA	46	NFIC::TLX1;REST;NR4A2;SMAD2::SMAD3::SMAD4;STAT1::STAT2;IRF8;KLF13;TBXT;ZBTB18;NR2F1;EGR3;EGR4;MEIS1;PKNOX2;POU3F1;POU3F2;POU3F3;TFAP2B(var.2);MTF1;NR2F2;ZSCAN4;ATOH1(var.2);BHLHA15(var.2);HNF4A(var.2);KLF15;NFIC(var.2);SNAI1;SNAI3;ZNF136;ASCL1;ASCL1(var.2);BHLHE22(var.2);NFIB;PRDM4;E2F6;ESRRA;GRHL2;HOXB13;MYOD1;MYOG;NR4A1;SCRT1;SCRT2;SNAI2;TFAP2A;TFAP2C(var.2)	11	8	NR1H2;PPARA;PPARG;RXRG	1.324266588919
chr3	61561006	61561006	1	*	rs1204810729	G	A	2	16	18	0.111111111111111	0.001312255859375	0.0468636751824257	61560662	61561162	Promoter (<=1kb)	5793	ENST00000495879.1	-563	ENSG00000144724	PTPRG	protein tyrosine phosphatase receptor type G	58	SRY;REL;RELA;EWSR1-FLI1;MEF2C;ELK4;IRF1;STAT1;STAT3;FOXO3;HSF1;MSC;MYF6;HSF2;HSF4;IRF7;CEBPB;CEBPE;CEBPG;RELB;SOX10;TEAD2;ZBTB7A;ZNF384;TCF7L1;ATOH1(var.2);BHLHA15(var.2);FOXN3;HNF4A(var.2);IKZF1;MAZ;ZBTB26;ZNF382;ZNF684;ASCL1;HOXA13;SOX4;MYF5;ZKSCAN5;ZNF148;CEBPA;CEBPD;EHF;ELF1;ELF3;ETV1;ETV4;ETV5;GABPA;HOXB13;MYOD1;MYOG;NFYB;PHOX2B;PRDM1;SPIB;TEAD1;TEAD4	1	0		0.637611085117085
chr6	112813543	112813543	1	*	rs4035369	G	C	2	16	18	0.111111111111111	0.001312255859375	0.0468636751824257	112813261	112813761	Distal Intergenic	107986636	ENST00000670062.1	-174768	NA	LOC107986636	uncharacterized LOC107986636	60	FOXF2;FOXD1;PPARG;RORA(var.2);SRY;NR1H2::RXRA;ZNF354C;NFATC2;INSM1;NR2C2;SMAD2::SMAD3::SMAD4;FOXP2;KLF5;FOXG1;FOXI1;FOXL1;FOXO3;NKX2-3;NKX2-8;ZBTB18;ESR1;NR2F1;EGR2;EGR4;GLIS2;KLF16;LEF1;MEIS1;TGIF1;FOXB1;FOXC1;FOXC2;FOXO4;FOXO6;FOXP3;RXRB;RXRG;FOXK1;SOX10;ZNF384;NR1H4::RXRA;NR4A2::RXRA;PPARA::RXRA;RORB;FOXE1;FOXN3;MAZ;NR2F1(var.2);NR2F1(var.3);NR2F6(var.3);PPARD;THRB;FOXD2;ZNF148;FOXA3;FOXA1;FOXA2;FOXK2;FOXP1;TCF7	1	0		0.493941871890421
chr17	81911513	81911513	1	*	rs921489133	T	C	26	7	33	0.787878787878788	0.00131872715428472	0.0468636751824257	81911306	81911806	Promoter (<=1kb)	5833	ENST00000572473.1	-81	ENSG00000185813	PCYT2	phosphate cytidylyltransferase 2, ethanolamine	35	ZNF354C;PLAG1;NR2C2;SMAD2::SMAD3::SMAD4;SREBF1;KLF5;SP4;ZBTB18;EGR3;EGR4;KLF14;KLF16;SP8;MEIS1;ZEB1;KLF10;KLF11;KLF15;KLF2;KLF3;SP9;THRB;ZNF460;SP1;SP2;SP3;ZBTB14;ZNF148;ZNF449;CTCFL;E2F6;EGR1;KLF4;KLF9;NFYB	33	19	GLIS2;KLF13;KLF14;KLF9;PATZ1;TBX1;VEZF1;WT1;ZN219;ZN740;ZN770	1.99814136985215
chr1	191840091	191840091	1	*	rs72729233	T	G	26	7	33	0.787878787878788	0.00131872715428472	0.0468636751824257	191839873	191840373	Intron (ENST00000664489.1/ENST00000664489.1, intron 1 of 4)	64407	ENST00000367460.4	-318371	ENSG00000150681	RGS18	regulator of G protein signaling 18	38	ZNF354C;MEF2C;POU2F2;IRF1;STAT1;FOXP2;LBX1;HNF1A;HNF1B;HSF1;MEF2B;POU4F2;SPIC;RARA;MEF2D;POU3F3;POU4F1;POU4F3;TEAD3;HMBOX1;FOXK1;POU5F1;ZNF384;ZSCAN4;HNF4A(var.2);ZNF652;CEBPA;CEBPD;EHF;HNF4A;HNF4G;MEF2A;NR4A1;POU2F3;PRDM1;SPI1;SPIB;TEAD4	3	0		0.641177312772042
chr9	97013404	97013404	1	*	rs186587390	G	A	7	26	33	0.212121212121212	0.00131872715428472	0.0468636751824257	97013383	97013883	Promoter (<=1kb)	84278	ENST00000650909.1	-38	ENSG00000290770	MFSD14CP	major facilitator superfamily domain containing 14C, pseudogene	31	STAT1::STAT2;KLF5;CENPB;KLF13;NKX2-3;NKX2-8;SP4;PROP1;RARA(var.2);KLF14;KLF16;SP8;IRF7;RUNX2;ISL2;NFIC;TFDP1;KLF10;KLF11;KLF2;KLF3;KLF6;MAZ;SP9;ZNF140;ZNF460;SP1;SP2;SP3;KLF4;KLF9	0	0	NA	NA
chr2	113167484	113167484	1	*	rs4849159	T	C	115	170	285	0.403508771929825	0.0013392631425094	0.0475177381804111	113167246	113167746	Intron (ENST00000465917.1/23550, intron 1 of 1)	23550	ENST00000245796.11	-6487	ENSG00000125637	PSD4	pleckstrin and Sec7 domain containing 4	84	FOXD1;MAX::MYC;EWSR1-FLI1;INSM1;NR4A2;JUN;JUND(var.2);MAF::NFE2;IRF1;FOXP2;FOXG1;FOXI1;FOXL1;FOXO3;HEY2;JDP2(var.2);MLX;TFAP4;TFEB;ESRRB;NR2F1;HES5;HES7;HEY1;MAX;MNT;CREB3L1;FOXB1;FOXC1;FOXC2;FOXO4;FOXO6;FOXP3;RXRB;SOX21;FOXK1;HIF1A;MYC;MYCN;NR1H4;NR2F2;FOSB::JUN;FOSL2::JUN(var.2);JUN::JUNB(var.2);FOSL2::JUNB(var.2);ARNT2;CREB3L4;FOXE1;FOXN3;HNF4A(var.2);IKZF1;NR1I2;NR2F1(var.2);NR5A1;THRB(var.3);ZBTB26;ZNF682;ATF3;FOXD2;GLI2;HES1;HES2;TFEC;ASCL1(var.2);ATF2;ZKSCAN5;ZNF341;ZNF449;FOXA3;CEBPD;CREB1;EHF;ELF1;ELF3;ESRRA;ETV1;ETV4;FOXA1;FOXA2;FOXK2;FOXP1;GABPA;SPI1;SPIB	0	0	NA	NA
chr1	2189679	2189679	1	*	rs2503701	C	T	49	87	136	0.360294117647059	0.0014186377419934	0.0499367203276744	2189440	2189940	3' UTR	199990	ENST00000497675.2	4429	ENSG00000162585	FAAP20	FA core complex associated protein 20	21	KLF5;SPIC;MEIS2;MEIS3;TFAP2B(var.2);FOXO6;ZEB1;RORB;IRF5;CREB3L4;MAZ;MSANTD3;ZNF135;SP1;BACH1;PRDM4;ATF4;EBF1;FOXA1;KLF9;MAFK	3	2	MTF1	1.7703055395098
chr1	246583639	246583639	1	*	rs78879110	G	A	87	49	136	0.639705882352941	0.0014186377419934	0.0499367203276744	246583461	246583961	Intron (ENST00000483271.1/163882, intron 1 of 7)	163882	ENST00000366511.1	17125	ENSG00000162852	CNST	consortin, connexin sorting protein	70	FOXF2;RORA(var.2);SRY;NR1H2::RXRA;ZNF354C;JUN;MEF2C;NR2C2;POU2F2;SMAD2::SMAD3::SMAD4;STAT1::STAT2;IRF1;HNF1A;HNF1B;MEF2B;NKX2-3;PAX7;MNX1;PROP1;ESRRB;NR3C1;NR3C2;CUX2;ONECUT2;ONECUT3;MEF2D;PAX3;POU4F3;RFX2;RFX5;FOXC1;FOXC2;RXRB;RXRG;HOXA10;GATA2;SOX10;ZNF384;GATA3;PPARA::RXRA;RORC;BARX2;CDX4;FOXE1;FOXN3;NR1I3;NR2F1(var.2);PPARD;THRB;ZBTB32;FOXD2;HOXA13;ATF2;CEBPG(var.2);ATF4;CEBPA;CEBPD;CREB1;GATA1;GATA4;GATA6;HLF;HOXB13;MEF2A;NFIL3;NKX2-5;NR4A1;ONECUT1;PHOX2B;POU2F3	2	2	ZN232	1.19780439943205
