seqnames	start	end	width	strand	variantID	refAllele	altAllele	norm_refCount	norm_altCount	norm_sumCount	percRef	pVal	adjPVal	peak_start	peak_end	annotation	geneId	transcriptId	distanceToTSS	ENSEMBL	SYMBOL	GENENAME	n_motifs_matched	motif_names	mb_n_motifs_disrupted	mb_n_strong	mb_disrupted_TFs	mb_max_abs_alleleDiff	TCGA_LIHC_dir	TCGA_LIHC_log2FC	COSMIC_CGC_HCC	CGC_HCC_score	DisGeNET_HCC	DisGeNET_enrich_padj	n_curated_sources	curated_HCC_hit	OT_HCC_overall	OT_clinvar	OT_intogen	OT_europepmc
chr8	102653944	102653944	1	*	rs2471847	T	G	367	195	562	0.653024911032028	3.60306753350266e-13	4.01733022316712e-10	102653769	102654269	Promoter (<=1kb)	7071	ENST00000395884.3	431	ENSG00000155090	KLF10	KLF transcription factor 10	79	EWSR1-FLI1;PLAG1;ARNT::HIF1A;FOS;FOSL2;JUN(var.2);NR2C2;STAT1::STAT2;IRF1;KLF5;JDP2;EGR2;EGR3;EGR4;KLF14;KLF16;NFE2;FOXK1;NFYA;RBPJ;SOX10;TEAD2;FOS::JUN;FOSL1::JUN;FOSL2::JUN;JUN::JUNB;FOS::JUNB;FOSB::JUNB;FOSL1::JUNB;FOSL2::JUNB;FOS::JUND;FOSL1::JUND;FOSL2::JUND;PPARA::RXRA;IRF3;BACH2;IKZF1;KLF10;KLF11;KLF15;KLF17;KLF2;KLF6;MAZ;PLAGL2;PPARD;SP9;THRB(var.3);ZNF460;BATF::JUN;SOX4;SP2;SP3;BACH1;BATF;NFYC;PRDM4;ZKSCAN5;ZNF148;BATF3;EGR1;EHF;ELF1;ELF3;ETV1;ETV4;FOSL1;GABPA;JUNB;JUND;KLF4;KLF9;NFYB;RUNX3;SPI1;SPIB;TEAD1;TEAD4;YY2	8	1	ZSC22	1.09887927861018	Down	-1.44	no	0	yes	0.9816	1	yes	0.0648	0	0	0.5331
chr1	180631914	180631914	1	*	rs145317211	G	C	17	69	86	0.197674418604651	1.34954523651458e-08	4.93347278715686e-06	180631707	180632207	Promoter (<=1kb)	9213	ENST00000367590.9	-108	ENSG00000143324	XPR1	xenotropic and polytropic retrovirus receptor 1	47	MZF1(var.2);NFATC2;FOXH1;SMAD2::SMAD3::SMAD4;YY1;KLF5;DMRT3;NFATC3;MSC;SP4;KLF14;KLF16;SP8;POU3F4;RFX2;RFX4;RFX5;FOXB1;FOXC1;DMRTA2;DMRTC2;KLF10;KLF15;KLF17;KLF2;MAZ;NFATC4;SP9;ZSCAN29;FOXD2;SP1;SP2;SP3;ZFP42;ZKSCAN5;ZNF148;ZNF449;E2F6;FOXA1;FOXA2;KLF4;MXI1;RFX1;RFX3;SCRT2;YY2;ZNF263	11	7	KLF12;SP1;SP4	1.64006690954504	Up	0.643	no	0	yes	0.9816	1	yes	0.0342	0	0	0.2792
chr8	80171625	80171625	1	*	rs10111451	T	C	77	22	99	0.777777777777778	2.49283387092705e-08	8.29685804548323e-06	80171343	80171843	Promoter (<=1kb)	7163	ENST00000521241.6	-52	ENSG00000076554	TPD52	tumor protein D52	18	RREB1;ZNF354C;EWSR1-FLI1;CREB3;CREB3L1;XBP1;MTF1;ATF6;CREB3L4;NR1I2;NR2F1(var.3);ZKSCAN5;ZNF449;EGR1;KLF4;MZF1;SREBF1(var.2);ZNF263	4	2	AP2A	0.787783667917031	Up	0.452	no	0	yes	0.9816	1	yes	0.0776	0	0	0.6386
chr2	127387404	127387404	1	*	rs1050847260	A	G	90	30	120	0.75	3.77275330635531e-08	1.1669138287211e-05	127387203	127387703	Promoter (<=1kb)	10746	ENST00000682094.1	571	ENSG00000169967	MAP3K2	mitogen-activated protein kinase kinase kinase 2	24	MZF1(var.2);NRF1;SMAD2::SMAD3::SMAD4;EGR3;MEIS1;MEIS3;PKNOX2;TGIF1;TGIF2;ZSCAN4;LHX1;MAZ;PLAGL2;TGIF2LX;ZFP57;ZNF274;TCFL5;EBF3;ZBTB14;ZNF148;ZNF449;CTCFL;EBF1;EGR1	1	1	NRF1	1.03900422742288	Down	-0.512	no	0	yes	0.9816	1	yes	0.0803	0	0	0.6604
chr8	133375756	133375756	1	*	rs58065091	G	T	34	89	123	0.276422764227642	7.43200227229496e-07	0.00014086815314956	133375352	133375852	Distal Intergenic	10397	ENST00000520230.5	-73734	ENSG00000104419	NDRG1	N-myc downstream regulated 1	46	MAX::MYC;NFIC::TLX1;ZNF354C;FOS;FOSL2;JUN(var.2);MAF::NFE2;KLF5;HEY2;NKX2-3;BCL6B;MNT;MYC;RBPJ;FOS::JUN;FOSL1::JUN;FOSL2::JUN;FOS::JUNB;FOSB::JUNB;FOSL1::JUNB;FOSL2::JUNB;FOS::JUND;FOSL1::JUND;FOSL2::JUND;VDR;KLF17;MAZ;NR5A1;TBX3;ZBTB6;ZNF460;ZNF682;ZNF684;BATF::JUN;BACH1;BATF;NFIB;ZBTB12;ZNF148;BATF3;E2F6;FOSL1;JUNB;JUND;MAFK;NFE2L1	27	15	EGR4;GLIS2;PLAG1;SP4;WT1;ZIC4;ZN148;ZN219;ZN281;ZN467	1.92984214782064	Up	1.192	yes	0.5319	yes	0.9816	2	yes	0.3521	0	0	0.9453
chr3	194129838	194129838	1	*	rs6444772	C	T	28	73	101	0.277227722772277	8.63578131466053e-06	0.00108187418778805	194129587	194130087	Distal Intergenic	3280	ENST00000476918.1	-6310	ENSG00000114315	HES1	hes family bHLH transcription factor 1	53	RREB1;EWSR1-FLI1;NFATC2;TCF7L2;FOXP2;KLF5;NFATC3;NFIA;OLIG2;SP4;TBX21;VENTX;KLF14;KLF16;SP8;BHLHE22;OLIG3;BARX1;NFIC;TEAD2;ZNF24;ZNF282;ATOH7;DMRTC2;HOXA4;HOXA7;HOXB4;HOXB6;HOXB8;HOXC4;HOXD4;KLF10;KLF11;KLF15;NR1D1;NR1D2;SP9;ZNF136;GSX2;HOXB2;NEUROG1;SP1;SP2;SP3;OSR2;ZNF148;EGR1;KLF4;KLF9;PBX2;RFX1;TEAD1;TEAD4	32	16	E2F4;HSF1;KLF12;KLF14;KLF4;KLF9;MAZ;SP1;SP2;TBX15;TFDP1;ZN281	1.7342778915867	Down	-0.976	no	0	yes	0.9816	1	yes	0.059	0	0	0.4855
chr2	127387402	127387402	1	*	rs13034125	A	G	91	40	131	0.694656488549618	9.79572915081537e-06	0.00119693075177319	127387203	127387703	Promoter (<=1kb)	10746	ENST00000682094.1	573	ENSG00000169967	MAP3K2	mitogen-activated protein kinase kinase kinase 2	24	MZF1(var.2);NRF1;SMAD2::SMAD3::SMAD4;EGR3;MEIS1;MEIS3;PKNOX2;TGIF1;TGIF2;ZSCAN4;LHX1;MAZ;PLAGL2;TGIF2LX;ZFP57;ZNF274;TCFL5;EBF3;ZBTB14;ZNF148;ZNF449;CTCFL;EBF1;EGR1	3	3	NRF1;ZN639	1.66422425892966	Down	-0.512	no	0	yes	0.9816	1	yes	0.0803	0	0	0.6604
chr16	89508277	89508277	1	*	rs9935289	G	C	49	102	151	0.324503311258278	1.92873214860346e-05	0.00204321912341011	89508095	89508595	Promoter (<=1kb)	6687	ENST00000643649.1	-90	ENSG00000197912	SPG7	SPG7 matrix AAA peptidase subunit, paraplegin	41	CTCF;INSM1;NRF1;YY1;CREB3;NHLH1;SP4;SRF;ZIC3;EGR4;KLF14;KLF16;SP8;CREB3L1;XBP1;ZNF384;ATF6;CREB3L4;KLF10;KLF11;KLF2;MAZ;NHLH2;SP9;ZFP57;ZNF135;ZNF460;SP1;SP2;SP3;BHLHE22(var.2);MYF5;ZBTB14;ZFP42;ZNF148;CTCFL;EGR1;KLF9;MYOG;TFAP2A;TFAP2C(var.2)	6	6	KLF9;MECP2;ZF64A;ZN740	1.91921546524449	Down	-0.284	no	0	yes	0.9816	1	yes	0.0373	0	0	0.3067
chr2	127387400	127387400	1	*	rs13034122	A	G	95	45	140	0.678571428571429	2.87757454762697e-05	0.00279601192264957	127387203	127387703	Promoter (<=1kb)	10746	ENST00000682094.1	575	ENSG00000169967	MAP3K2	mitogen-activated protein kinase kinase kinase 2	24	MZF1(var.2);NRF1;SMAD2::SMAD3::SMAD4;EGR3;MEIS1;MEIS3;PKNOX2;TGIF1;TGIF2;ZSCAN4;LHX1;MAZ;PLAGL2;TGIF2LX;ZFP57;ZNF274;TCFL5;EBF3;ZBTB14;ZNF148;ZNF449;CTCFL;EBF1;EGR1	1	1	NRF1	1.26369950619228	Down	-0.512	no	0	yes	0.9816	1	yes	0.0803	0	0	0.6604
chr17	21043080	21043080	1	*	rs140762989	T	C	171	102	273	0.626373626373626	3.53362403018448e-05	0.00330390142813832	21042950	21043450	Promoter (<=1kb)	23326	ENST00000261497.9	-69	ENSG00000124422	USP22	ubiquitin specific peptidase 22	59	MZF1(var.2);RREB1;EWSR1-FLI1;JUN;JUND(var.2);KLF5;DBP;JDP2(var.2);SP4;EGR3;EGR4;KLF14;KLF16;SP8;SMAD3;RUNX2;ATF7;TEF;GMEB2;DUXA;SOX10;FOS::JUN(var.2);FOSB::JUN;FOSL1::JUN(var.2);FOSL2::JUN(var.2);JUN::JUNB(var.2);FOSB::JUNB(var.2);FOSL2::JUNB(var.2);FOSL1::JUND(var.2);FOSL2::JUND(var.2);SOX15;CREB3L4(var.2);KLF15;KLF2;KLF6;MAZ;SP9;VEZF1;ZKSCAN1;ZNF460;ATF3;HOXA13;JUNB(var.2);SOX4;SOX8;SP2;SP3;TCFL5;ZNF740;ATF2;CEBPG(var.2);ZNF148;ATF4;CDX2;EGR1;HOXB13;KLF4;KLF9;SPI1	8	6	KLF14;RREB1;SP4;ZN436	1.97684010001115	Up	0.591	no	0	yes	0.9816	1	yes	0.1175	0	0	0.9626
chr1	236795115	236795115	1	*	rs1342691469	G	A	13	44	57	0.228070175438596	4.71043760939538e-05	0.0040792389697364	236794956	236795456	Promoter (<=1kb)	4548	ENST00000680454.1	-145	ENSG00000116984	MTR	5-methyltetrahydrofolate-homocysteine methyltransferase	41	SMAD2::SMAD3::SMAD4;STAT1::STAT2;ZBTB33;ELK4;IRF1;CREB3;ELF4;ELF5;ETV6;FLI1;SP4;SPDEF;GLIS3;KLF14;ZNF143;ELK3;ERG;ETS1;ETV3;FEV;MEIS2;MEIS3;MYBL1;TFAP2B;TFAP2C;FOXO6;ELK1;ISL2;NFYA;TFDP1;ZBTB7A;ELF2;GLI3;RXRG(var.2);THAP11;GLI2;SP2;NFYC;EHF;ETV5;SREBF1(var.2)	2	2	REST;ZN768	1.53009706039103	Up	0.76	no	0	yes	0.9816	1	yes	0.0251	0	0	0.2064
chr1	236795271	236795271	1	*	rs117165000	C	A	54	19	73	0.73972602739726	5.06226591117806e-05	0.00431879079401752	236794956	236795456	Promoter (<=1kb)	4548	ENST00000680454.1	11	ENSG00000116984	MTR	5-methyltetrahydrofolate-homocysteine methyltransferase	41	SMAD2::SMAD3::SMAD4;STAT1::STAT2;ZBTB33;ELK4;IRF1;CREB3;ELF4;ELF5;ETV6;FLI1;SP4;SPDEF;GLIS3;KLF14;ZNF143;ELK3;ERG;ETS1;ETV3;FEV;MEIS2;MEIS3;MYBL1;TFAP2B;TFAP2C;FOXO6;ELK1;ISL2;NFYA;TFDP1;ZBTB7A;ELF2;GLI3;RXRG(var.2);THAP11;GLI2;SP2;NFYC;EHF;ETV5;SREBF1(var.2)	15	13	ARNT2;EGR1;EGR2;GLIS1;NR0B1;WT1	1.91572023821022	Up	0.76	no	0	yes	0.9816	1	yes	0.0251	0	0	0.2064
chr1	158178002	158178002	1	*	rs859002	C	T	57	107	164	0.347560975609756	0.000116360012197442	0.00804579873487401	158177682	158178182	Promoter (<=1kb)	912	ENST00000368171.5	-28	ENSG00000158473	CD1D	CD1d molecule	46	RREB1;ZNF354C;PLAG1;KLF5;NHLH1;SP4;ZBTB7B;KLF14;KLF16;ONECUT3;IRF7;TFAP2B(var.2);NEUROD1;NFYA;ZEB1;BHLHA15(var.2);KLF10;KLF11;KLF15;KLF2;KLF6;NFIX(var.2);NHLH2;SP9;THAP11;THRB;ASCL1;SP1;SP3;ZNF740;ASCL1(var.2);BHLHE22(var.2);NFIB;NFYC;OSR2;TCF12(var.2);ZNF148;HOXB13;KLF4;MYOD1;MYOG;ONECUT1;OTX2;TCF3;TCF4;TFAP2C(var.2)	7	5	IRF1;IRF2;SPIB;ZN219	1.88831636118597	Down	-1.593	no	0	yes	0.9816	1	yes	0.0802	0	0	0.6518
chr9	124223579	124223579	1	*	rs72759286	T	C	64	27	91	0.703296703296703	0.000132163262744891	0.00891732126347864	124223330	124223830	Distal Intergenic	10783	ENST00000540326.5	-34027	ENSG00000119408	NEK6	NIMA related kinase 6	36	NR1H2::RXRA;NFIC::TLX1;EWSR1-FLI1;STAT1::STAT2;IRF8;IRF9;RARA;IRF7;CEBPB;CEBPE;CEBPG;RXRB;RXRG;NR1H4;ZSCAN4;RORB;IRF3;FOXN3;HNF4A(var.2);NR1I3;PPARD;THAP11;BHLHE22(var.2);PRDM4;ZNF449;CEBPA;CEBPD;ESRRA;GRHL2;HLF;HNF4A;HNF4G;KLF4;NFIL3;SPI1;ZNF263	6	2	NFIC;PAX6	1.43206538755831	Down	-0.402	no	0	yes	0.9816	1	yes	0.0952	0	0	0.7832
chr10	58385238	58385238	1	*	rs2279339	C	A	55	22	77	0.714285714285714	0.000216803858417477	0.0127562470732995	58385035	58385535	Promoter (<=1kb)	7019	ENST00000373899.3	-107	ENSG00000108064	TFAM	transcription factor A, mitochondrial	40	FOXH1;NR2C2;NRF1;STAT1::STAT2;KLF5;IRF9;SP4;HIC2;KLF14;KLF16;SP8;ZNF143;ETS1;ETV3;FEV;LEF1;RUNX2;GMEB2;NR1H4;IRF3;ETS2;KLF10;KLF11;KLF15;KLF2;KLF6;LHX1;NR5A1;SP9;ZNF140;GFI1;SP1;SP2;SP3;MEIS1(var.2);ZBTB12;ZNF148;KLF4;KLF9;ZNF263	1	1	CTCFL	0.826468939793815	Down	-0.382	no	0	yes	0.9816	1	yes	0.0908	0	0	0.747
chr8	100950658	100950658	1	*	rs56165483	G	T	21	52	73	0.287671232876712	0.000371340115938318	0.0193248516111237	100950367	100950867	Promoter (<=1kb)	7534	ENST00000395951.7	-101	ENSG00000164924	YWHAZ	tyrosine 3-monooxygenase/tryptophan 5-monooxygenase activation protein zeta	27	RREB1;IRF1;THAP1;ZEB1;KLF2;MAZ;SNAI1;VEZF1;ZBTB6;ZNF382;ZNF75D;LMX1B;SP2;ZNF740;ASCL1(var.2);OSR2;TCF12(var.2);ZNF148;ZNF449;ZNF652;EGR1;KLF9;MYOD1;MYOG;TCF3;TCF4;ZNF263	11	5	ARNT2;WT1;ZIC4	1.2980198950811	Up	0.637	no	0	yes	0.9816	1	yes	0.1109	0	0	0.9123
chr3	13496512	13496512	1	*	rs2290193	A	C	47	89	136	0.345588235294118	0.000398566486793453	0.0203150477080014	13496234	13496734	Promoter (<=1kb)	79885	ENST00000498532.5	-76	ENSG00000163517	HDAC11	histone deacetylase 11	50	PPARG;CTCF;FOS;FOSL2;JUN(var.2);NFATC3;JDP2;MEIS1;SMAD3;NFE2;SOX21;FOS::JUN;FOSL1::JUN;FOSL2::JUN;JUN::JUNB;FOS::JUNB;FOSB::JUNB;FOSL1::JUNB;FOSL2::JUNB;FOS::JUND;FOSL1::JUND;FOSL2::JUND;BACH2;NR1I3;NR5A1;SMAD5;SOX18;ZBTB32;ZNF460;ZNF528;BATF::JUN;GLI2;SOX4;BATF;PRDM4;BATF3;EHF;ELF1;ESRRA;FOSL1;GABPA;HNF4A;HNF4G;JUNB;JUND;MAFF;MAFG;PHOX2B;SPIB;TFAP2A	3	3	CEBPB;ZN418	1.55707695998875	Up	1.758	no	0	yes	0.9816	1	yes	0.1133	0	0	0.7935
chr11	125625626	125625626	1	*	rs555752	G	T	25	57	82	0.304878048780488	0.000534721491328178	0.0243491933033642	125625413	125625913	Promoter (<=1kb)	1111	ENST00000525396.5	-39	ENSG00000149554	CHEK1	checkpoint kinase 1	22	ZNF354C;CREB3;MSC;NHLH1;ERG;CREB3L1;XBP1;ATF6;ATOH1(var.2);BHLHA15(var.2);CREB3L4;ETS2;THRB(var.2);ZBTB6;ASCL1;TCFL5;TCF12(var.2);E2F6;MYOG;RUNX3;TCF3;TFAP2A	1	1	FEV	1.51696604261556	Up	2.22	no	0	yes	0.9816	1	yes	0.1216	0	0	0.9582
chr8	133247706	133247706	1	*	rs1428654600	G	C	58	26	84	0.69047619047619	0.000627947271581821	0.0276464169449927	133247457	133247957	Promoter (<=1kb)	10397	ENST00000674521.1	220	ENSG00000104419	NDRG1	N-myc downstream regulated 1	34	RREB1;SMAD2::SMAD3::SMAD4;FOXP2;FOXG1;FOXL1;NKX2-3;NKX2-8;SRF;TFAP4;RARA;FOXC2;FOXK1;NFIC;PBX3;ZEB1;ZNF384;MAZ;THRB(var.3);ZNF317;GFI1;LMX1B;SP2;ASCL1(var.2);ETV4;FOXA1;FOXK2;HNF4A;HNF4G;NR4A1;PBX2;PRDM1;SPI1;SPIB;SREBF1(var.2)	13	11	FOXD3;FOXK1;FOXO1;FOXP1;PRDM1;RFX1;RFX2;ZBT7B	1.97380783460508	Up	1.192	yes	0.5319	yes	0.9816	2	yes	0.3521	0	0	0.9453
chr14	102305238	102305238	1	*	rs567378743	C	T	10	32	42	0.238095238095238	0.000940674028242939	0.0365445304752673	102304969	102305469	Promoter (<=1kb)	5891	ENST00000524019.5	-48	ENSG00000080823	MOK	MOK protein kinase	60	EWSR1-FLI1;NRF1;POU2F2;STAT1::STAT2;IRF1;YY1;KLF5;LBX1;SHOX;ALX3;EN1;ESX1;ISX;MIXL1;MSX1;NKX6-1;NKX6-2;SP4;LBX2;MSX2;PRRX1;RAX2;RAX;UNCX;BCL6B;MEIS3;POU3F4;POU5F1B;RFX2;RFX4;RFX5;FOXB1;FOXC1;DLX6;GSX1;PBX3;RBPJ;ZNF384;ARGFX;DRGX;IKZF1;LHX5;TLX2;BCL6;LHX9;PRRX2;SP1;ZFP42;FOXA3;ETV4;FOXA2;FOXP1;HOXB13;LHX2;MZF1;RFX1;RFX3;TFAP2A;TFAP2C(var.2);YY2	1	1	ZN816	0.744461871844583	Up	0.41	no	0	yes	0.9816	1	yes	0.0425	0	0	0.3496
chr8	80171709	80171709	1	*	rs73252164	C	A	30	9	39	0.769230769230769	0.0010650196345523	0.0400776458549901	80171343	80171843	Promoter (<=1kb)	7163	ENST00000521241.6	-136	ENSG00000076554	TPD52	tumor protein D52	18	RREB1;ZNF354C;EWSR1-FLI1;CREB3;CREB3L1;XBP1;MTF1;ATF6;CREB3L4;NR1I2;NR2F1(var.3);ZKSCAN5;ZNF449;EGR1;KLF4;MZF1;SREBF1(var.2);ZNF263	4	2	TBX1	0.740619696733376	Up	0.452	no	0	yes	0.9816	1	yes	0.0776	0	0	0.6386
chr9	105448019	105448019	1	*	rs3818598	C	T	226	161	387	0.583979328165375	0.00111379496812574	0.0413606509437466	105447773	105448273	Promoter (<=1kb)	83856	ENST00000481272.6	-15	ENSG00000106701	FSD1L	fibronectin type III and SPRY domain containing 1 like	23	NR1H2::RXRA;ZNF354C;MEF2C;NR2C2;NRF1;STAT3;KLF5;BCL6B;RXRB;RXRG;RORB;IRF3;MAZ;NR2F1(var.2);PPARD;THRB;ZKSCAN5;ZNF148;KLF4;PRDM1;RFX1;RFX3;SPI1	24	20	KLF1;KLF12;KLF16;KLF3;KLF4;KLF5;KLF6;MAZ;PATZ1;SALL4;SP1;SP3;ZN467;ZNF41	1.85901191225197	Up	1.165	no	0	yes	0.9816	1	yes	0.0292	0	0	0.2401
