chr	pos	snp_id	ensembl_id	gene_symbol	X__11t	X__12t	X__13t	X__15t	X__16t	X__17t	X__18t	X__19t	X__1t	X__20t	X__22t	X__24t	X__3t	X__7t	X__pt1_pre	X__pt11_pre	X__pt12pre	X__pt14pre	X__pt16pre	X__pt17pre	X__pt20pre	X__pt22pre	X__pt23pre	X__pt24pre	X__pt26pre	X__pt29pre	X__pt30pre	X__pt5_pre	X__pt6_pre	X__pt9_pre
chr16	11076	rs62028711	ENSG00000290355	DDX11L10	27.0509326186923	40.137831330114	24.3779860729735	28.5872490956235	0	0	41.9618570633228	0	0	0	22.0719430814577	1.34853061242884	7.3601389253301	21.2657003210263	53.1853588794751	12.1420019030628	85.3234633408522	25.5248633570432	0	0	11.3881378609587	0	16.8133512094483	0	0	0	0	0	0	0
chr2	11155127	rs184793019	ENSG00000162976	SLC66A3	107.27591647489	74.4418522019525	139.781037175163	41.3883387829303	48.6315696250027	0	88.1466109271983	0	0	0	160.798983125896	20.7673714314042	129.244039528796	63.9382449917583	36.2113081732596	19.5327856701445	240.373627906487	57.7083867202716	3.72402811135589	99.7959811911233	70.3850187239807	0	49.2704291963834	0	92.5795494262446	0	544.994717688662	32.5464721562697	0	0
chr12	31074229	rs796342999	ENSG00000013573	DDX11	43.44231328322	29.5944343039599	50.6811603895787	14.6823778138037	52.5925119474011	0	43.0303008321373	0	0	0	33.8395812436714	8.8463608175332	70.9517392401821	19.054443871716	58.8433757815469	4.7512181359811	32.1109808272024	10.2099453428173	33.516253002203	34.366827959857	20.5619155822865	0	30.5564382849974	0	114.030908439643	0	272.497358844331	0	0	0
chr7	47979760	rs3176493	ENSG00000136273	HUS1	21.4221943527601	15.465674600324	26.1408090430458	8.73306443960522	6.60157053733068	0	9.8322265868289	0	0	0	65.6061070598025	3.7219444903036	0	3.52860071698445	0	0	9.17456595062927	11.5416773440543	0	2.97405241960301	2.37252872103306	0	0	2.38925728844627	27.0964534906082	0	178.067581026989	0	68.8921749702399	0
chr7	106285307	rs1319501	ENSG00000105835	NAMPT	162.408686156585	131.078428734377	159.713307424489	71.8221658920156	101.004029221159	0	118.749893162529	0	0	0	194.201596803958	23.9768742889848	279.39087360553	100.071116333679	179.924937485884	18.4769594177043	80.7361803655375	60.1498953892062	27.9302108351691	130.527856193688	66.74714135173	0	59.3584399220524	7.75051754544765	0	697.169898323957	0	88.5987297587341	0	31.1996362019314
chr7	140177117	rs111569430	ENSG00000260231	KDM7A-DT	95.5854600764157	79.3641297761224	91.1642352636952	49.9617367025746	124.109526101817	0	98.2459484562308	0	594.132609154926	0	87.7999945781744	12.7301289813283	109.960475544432	38.0147917243125	182.188144246712	39.5934844665092	0	12.2075433446728	77.2735833106346	15.2007123668598	59.3132180258264	0	59.6508460300428	0	0	810.993555193174	0	90.4068671007491	0	0
chr19	33302679	rs970726246	ENSG00000245848	CEBPA	90.8639177214762	85.2283246638681	141.27325135597	65.5396354326812	31.4674862279429	0	98.462181123729	0	929.007352496794	0	153.797340039743	25.8378465341366	176.790536986429	65.1144452307531	165.214093540497	16.7172489969705	13.7618489259439	15.5368733477654	105.203794145804	73.359959683541	69.7523443983719	0	40.6444490106664	0	16.9352834316301	0	83.6378032096461	41.5871588663446	0	0
chr19	45423658	rs2298881	ENSG00000012061	ERCC1	73.8333763014764	58.4292578711652	107.261592385145	42.7212071234742	59.6341871872205	0	84.6487295411983	0	129.628932906529	809.78747609171	119.449656975596	24.4353746972106	109.371664430405	66.6670295462262	83.7386501506629	17.7730752494108	42.2030033728946	46.1667093762173	0	44.94123656289	76.869930561471	0	8.04116796973616	0	0	0	0	69.6132876675768	0	0
chr19	38647509	rs17523223	ENSG00000130402	ACTN4	120.863237050895	109.505483810546	142.742270497697	76.1678720439972	83.8399458240997	0	129.179939477147	0	0	0	148.87891441754	27.9415542895256	190.922003723063	53.2112988121255	0	24.9878879744191	0	78.1282774059061	66.101498976567	107.396337374553	40.4911568389642	0	89.0376598830785	0.291372840054423	0	0	232.02745406547	16.2732360781348	131.793726030024	34.6662624465904
chr2	11155299	rs1319226050	ENSG00000162976	SLC66A3	108.203730474769	90.1809866675082	85.7597911580788	42.2352655409842	22.6653921781687	0	83.1351008687111	0	0	0	134.342121333734	8.01027183782732	61.5307614157596	42.7195926802918	9.0528270433149	13.3737991975764	14.6793055210068	18.2003373502395	58.6534427538552	27.0969220452719	34.0062450014738	0	41.814073442628	0	0	0	32.3759238230888	0	0	0
chr18	47749304	rs186811887	ENSG00000175387	SMAD2	39.8135296392491	39.1655295870681	77.86574619122	39.9513401032814	9.90235580599603	0	73.5827047927622	0	0	0	45.7139207881849	3.53315020456356	37.2423029621703	17.925291642281	47.5273419774032	0	0	8.65625800804074	0	0	9.17377772132782	0	0	0	0	0	145.6916572039	38.8749528533221	0	0
chr9	69760025	rs2274744	ENSG00000188647	PTAR1	101.605942031186	73.3480127410259	97.481017573121	47.8860719430817	33.8880620916309	766.426106194073	89.1641764213073	0	0	0	88.0642075248216	15.5890138796774	74.1902003673274	52.2703386209297	0	17.7730752494108	70.6441578198454	6.65866000618518	0	25.7751209698928	37.3277852109201	0	71.2008872956638	0	0	0	105.221752425039	0	0	0
chr10	38356377	rs201435020	ENSG00000290439	HSD17B7P2	9.87606457648902	4.04112911953457	9.42491754613217	3.45018523567869	0	0	10.5318028640289	0	0	0	10.5329507384581	1.21367755118596	0	4.70480095597927	0	0	0	8.43430267450123	0	0	8.22476623291459	0	3.36267024188967	0	0	0	0	0	0	0
chr5	56909530	rs185220	ENSG00000155542	SETD9	61.6893219475055	67.7876621479821	123.590899897394	37.4036178065127	34.3281667941196	0	94.0484907930309	1578.37178031589	0	0	107.107863756245	23.2216971460246	88.3216671039611	13.7850668010193	121.081561704337	18.828901501851	0	33.0713446973864	39.1022951692368	47.2543884448034	47.4505744206611	0	79.6806644273856	0	88.0634738444766	71.1397855432609	142.993663551976	0	0	0
chr1	228635625	rs74353383	ENSG00000199270	RNA5S12	1.19584915539951	0	3.43286578382501	1.03436136844291	0	0	2.48031589189086	0	0	0	1.02128465915585	0	0	0	0	0	0	0	0	0	15.8168581402204	0	0	0	0	0	0	47.0115708923895	0	0
chr16	82170153	rs2303262	ENSG00000135698	MPHOSPH6	49.0298153713797	49.4050823185203	61.4359268429584	28.6497272990865	46.8711508150479	0	64.3228587963696	0	885.797708194618	0	61.2161073308938	29.1012906162144	29.2933529228138	39.1439439537475	221.794262561215	0	0	0	0	64.4378024247319	26.5723216755702	0	9.9418076716738	4.77851457689254	114.030908439643	0	0	0	0	0
chr1	161390226	rs55962831	ENSG00000188931	CFAP126	110.719137318885	93.4017361913478	159.844745979275	57.6534977511299	50.1719360837132	1051.0986599233	103.689923849714	0	0	0	191.849085375157	18.4748693902751	123.061522831519	69.3487660911344	134.660802269309	39.5934844665092	245.878367476864	61.7035827239827	28.8612178630081	29.7405241960301	71.8085359566005	0	67.2534048377933	6.35192791318642	176.126947688953	203.934051890681	318.36325092704	173.581184833438	0	0
chr9	128193027	rs7853429	ENSG00000148337	CIZ1	21.7727018638255	22.9706286794596	62.0003394605692	26.0811789344967	10.7825652109735	0	21.8522189859923	0	885.797708194618	0	62.6286303918158	7.55177142960151	27.6741223592412	36.6033514375187	66.7645994444474	7.91869689330183	118.351900763118	17.7564266831605	0	0	0	0	35.3811390668391	0	0	0	0	0	0	0
chr19	2051333	rs78907639	ENSG00000099875	MKNK2	98.8225000315488	115.764676281404	139.58774518283	66.5045765750541	85.8204169852989	0	111.474299879649	19992.7092173347	1026.22905217669	0	139.230060846709	23.005932248036	189.74438149501	82.9456408539145	156.161266497182	34.6662952884547	58.7172220840273	21.0857566862531	26.0681967794912	47.5848387136482	47.7669115834655	243.648837929221	84.6515682632225	0	32.7415479678182	0	0	5.42441202604495	0	0
chr6	118935183	rs62422269	ENSG00000111877	MCM9	113.72937829627	107.986262337036	155.143884725749	58.3407579892228	88.2409928489868	2211.68676358861	92.8019730627473	0	0	0	145.657548875725	14.4562481652372	137.045786789646	66.9022695940252	54.3169622598894	0	217.437213029914	72.357438733879	59.5844497816942	116.318494633362	44.9198771182259	0	70.4698720256878	0.291372840054423	0	0	183.463568330837	91.3109357717566	0	0
chr14	64338666	rs190322240	ENSG00000140009	ESR2	47.0710969271909	47.5212476913689	48.8178255834935	14.5990735425197	3.96094232239841	0	28.4536751290249	0	302.467510115235	0	67.1354935394339	4.90865142924098	10.0097889384489	17.031379460645	0	0	42.2030033728946	0	0	9.5830577964986	1.58168581402204	0	10.5266198876546	0.174823704032654	0	0	0	0	0	0
chr20	1118651	rs2072963	ENSG00000125818	PSMF1	71.0705523907258	61.0727032350713	53.2326146883675	35.8347206973308	28.6068056617663	0	58.8661638342098	0	0	0	53.7216054788795	11.3006865321537	55.6426502754955	46.8127695119937	65.6329960640331	23.052206511612	63.304505059342	33.9591660315444	0	30.0709744648749	33.2154020944628	0	14.0354931835395	0	0	0	0	161.828292110341	0	0
chr21	37072590	rs2298682	ENSG00000185808	PIGP	22.1644455526632	9.540710853638	57.8948175434272	24.6372382322408	0	0	15.3525193923706	0	0	0	35.592532524312	17.3690742880835	40.1863585323023	10.4917061318338	0	0	61.4695918692161	21.5296673533321	0	0	44.7617085368237	0	14.3278992915299	0	0	0	0	0	0	0
chr1	212414864	rs518793	ENSG00000065600	PACC1	59.2151512811617	56.9708052565963	99.3056939807397	36.0985175563968	29.046910364255	0	61.219284039337	0	0	0	90.9756309561465	30.2879975551518	52.4041891483503	26.2527893343643	0	0.351942084146748	32.1109808272024	27.9663720259778	0	8.26125672111948	4.90322602346832	0	24.4159100171989	0	0	0	0	0	83.868734746379	0
chr21	37072695	rs7280542	ENSG00000185808	PIGP	39.9372381725662	27.0725266579346	69.4846054036832	32.4817237781501	0	0	28.1229663434394	0	0	0	62.8267901018013	27.5369951057969	38.1255196332099	13.9262108296986	0	0	0	2.88541933601358	6.5170491948728	0	27.8376703267879	0	14.1816962375347	0	0	0	0	0	0	0
chr1	161390267	rs57474688	ENSG00000188931	CFAP126	101.234816431234	86.1702419774438	140.492351706946	57.6049035928809	23.3255492319018	153.285221238815	96.4397697041872	0	0	0	169.858438584975	20.713430206907	116.437397798722	60.3155482556542	75.8174264877623	32.3786717415008	180.738949227397	29.9639700278333	14.8961124454235	19.1661155929972	59.1550494444242	0	42.8374948205944	8.74118520163269	83.5473982627085	222.904661368884	366.927136661673	32.5464721562697	0	0
chr20	62143364	rs3746651	ENSG00000101182	PSMA7	80.761054167239	56.758114250305	66.3146167294304	49.2258823062326	63.3750771583746	0	67.9606554378096	0	0	535.888770943044	78.811673373962	24.0308155134819	120.264670039894	23.7121968181355	52.0537554990607	0	0	13.9831860129889	59.5844497816942	18.5052150553076	51.5629575371184	802.607936708023	46.7849772784649	0	0	0	83.6378032096461	0	0	0
chr3	75785610	rs796833078	ENSG00000227124	ZNF717	78.8023357230502	73.8341636125488	62.6420688751131	39.6944852668225	56.9935589722882	0	69.690516777795	0	0	0	65.6111880780073	22.115902043833	65.063628099918	27.9465176785169	114.291941421851	11.4381177347693	92.6631161013556	17.534471349621	54.9294146424993	0	13.6024980005895	0	7.31015269976014	0	0	0	199.651530242381	0	0	0
chr4	107720445	rs2726137	ENSG00000138801	PAPSS1	109.77070523012	92.0648212946596	157.13865808662	59.6597422845527	42.9102084926494	0	99.5687835985726	0	864.192886043529	1202.77257478328	132.690790417189	10.7343036749336	138.665017353219	45.4013292252	59.9749791619612	10.5582625244024	177.986579442208	136.946440793875	0	61.1332997362842	10.2809577911432	0	41.083058172652	0	0	0	272.497358844331	41.5871588663446	0	0
chr3	50611939	rs6768300	ENSG00000114738	MAPKAPK3	123.791005672735	112.148929174452	128.616491698038	53.2661394635063	36.7487426578075	0	111.003675838623	0	0	0	159.970777158521	29.1552318407115	153.679700760892	62.8090927623232	32.8164980320165	53.3192257482323	26.6062412568249	110.533756102674	47.4813584197876	71.0468078016275	9.01560913992561	0	15.7899298314819	0	0	0	318.36325092704	113.008583875936	0	0
chr1	241640356	rs7513451	ENSG00000054277	OPN3	94.3277566543576	68.5472728847367	130.402509707191	50.0519829964655	62.2748154021528	525.54932996165	80.2731979165293	0	0	0	136.547283234598	6.04141714368121	151.766064640307	57.5397156916265	82.6070467702485	0	118.351900763118	70.5817960655629	71.6875411436008	80.2994153292813	29.1030189780055	0	28.6557985830598	0.815843952152384	0	0	323.759238230888	21.6976481041798	77.8781108359234	0
chr2	222861017	rs545702838	ENSG00000123983	ACSL3	98.2039573649628	79.1514387698311	105.846695001271	50.1977654712125	33.0078526866534	0	89.9019114045364	0	0	0	108.291740997953	11.9749518383681	76.2510392664198	44.9778971391618	0	11.9660308609894	0	33.7372106980049	0	30.7318750025645	96.6410032367465	0	42.9836978745896	2.91372840054423	41.7736991313543	0	383.115098573218	0	0	0
chr19	55599751	rs118020608	ENSG00000179943	FIZ1	128.285749049926	77.6322172963219	117.954505400978	46.4560152860399	45.110732005093	0	74.8419420917222	0	0	0	137.314516983516	40.4559183728652	99.9506866059827	61.6799405328882	81.4754433898341	21.9963802591718	82.5710935556634	101.433587427554	94.0317098117361	12.8875604849464	54.5681605837603	0	40.7906520646616	0.874118520163269	39.5156613404703	0	272.497358844331	159.116086097318	0	0
chr18	47749267	rs62086466	ENSG00000175387	SMAD2	36.0816555508472	30.8705803417077	69.3531668488971	33.155099971029	2.20052351244356	0	56.4494457857007	0	0	0	41.6897543700185	1.53732489816888	26.6437029096949	18.2075796996398	5.65801690207182	3.51942084146748	0	0.443910667079012	0	0	6.01040609328374	0	2.92406107990406	0	0	0	172.67159372314	38.8749528533221	0	0
chr10	70170487	rs3812693	ENSG00000079332	SAR1A	110.306775541161	53.8715934506375	102.081366990634	42.1866713827352	49.9518837324689	0	63.9285521674024	0	0	0	113.896104077798	40.6716832708538	109.960475544432	73.8183269993147	57.7117724011325	29.9150771524736	136.701032664376	55.710788718416	52.1363935589824	66.4205040378006	77.5026048870798	0	26.1703466651413	2.56408099247892	108.385813962433	189.706094782029	0	32.5464721562697	0	0
chr4	107720308	rs1319253	ENSG00000138801	PAPSS1	152.532621580096	97.8986317529351	164.483753795255	69.8783995620558	7.0416752398194	0	125.554862404383	0	0	0	149.661391221072	15.1844546959487	129.980053421329	71.5129745308849	32.8164980320165	4.7512181359811	66.9743314395937	80.3478307413012	134.996019036651	35.0277284975466	11.5463064423609	0	37.4279818227719	0	68.8701526219624	0	94.4297778173424	49.723776905412	0	0
chr3	182793469	rs866226241	ENSG00000058063	ATP11B	67.3592963912101	50.8027660741488	71.6185489990339	31.5376087035982	10.3424605084847	0	40.6899001956865	0	0	0	66.779822265101	6.31112326616698	33.4150307209986	26.1116453056849	0	1.75971042073374	133.031206284124	33.5152553644654	0	0	43.0218541413994	0	18.4215848033956	0	0	0	72.8458286019499	56.0522576024644	0	0
chr20	59032394	rs16984980	ENSG00000124172	ATP5F1E	131.873296516125	107.621649183394	135.868807250353	68.0457055938079	83.1797887703666	0	99.8104554034235	0	0	0	140.317398742527	36.4103265355787	111.579706108004	54.9991231753977	0	17.7730752494108	56.8823088939015	57.9303420538111	70.7565341157619	25.7751209698928	78.9261221196997	0	11.9886504276066	0	0	0	0	65.9970129835468	0	0
chr9	128193010	rs7853638	ENSG00000148337	CIZ1	19.7933653307504	20.0233390208517	61.9539493824095	28.2054378522385	5.94141348359762	0	21.4960710630541	0	702.156719910368	0	61.2313503855081	7.41691836835863	29.1461501443072	36.7915434757579	63.3697893032043	13.9017123237966	100.002768861859	13.9831860129889	0	0	0	0	37.8665909847575	0	0	0	0	0	0	0
chr17	36196964	rs377253665	ENSG00000276085	CCL3L3	130.141377049684	79.3945142055926	252.748609173963	12.8149737325209	55.8932972160665	0	85.4627819364856	0	0	0	247.247426861605	59.8747591918405	41.8055890958749	30.628254223425	29.4216878907734	35.5461504988216	0	0	0	38.3322311859944	0	0	35.8197482288247	12.645581258362	0	203.934051890681	0	38.8749528533221	293.540571612327	0
chr17	79074920	rs8076010	ENSG00000167280	ENGASE	103.708987097578	99.7216975211462	131.631846778425	53.3702698026113	54.7930354598447	0	92.7638143567182	0	0	0	138.818498372124	13.4043942875427	107.0164199743	34.2039029499693	165.214093540497	0	97.2503990766702	17.7564266831605	170.374286094532	19.496565861842	50.1394403044986	0	42.1064795506184	13.111777802449	0	0	0	18.9854420911573	0	0
chr8	22599479	rs1351045239	ENSG00000241852	C8orf58	40.6176351058108	24.8240788771409	50.0858210531946	13.3009153150108	3.74088997115405	0	26.8382899071267	0	0	0	88.0692885430264	6.14929959267551	23.4052417825497	18.6310117856779	0	9.85437835610895	0	25.9687740241222	0	0	29.2611875594077	0	36.5507634988007	0	107.256795066991	0	0	0	0	0
chr11	18322147	rs4150530	ENSG00000110756	HPS5	84.9671443000235	55.2996616357362	72.7628375936423	26.0325847762477	22.22528747568	416.05988621964	73.1883981637949	0	0	0	70.6617201735342	28.6427902079886	88.7632754394809	37.1679275522362	0	0	0	13.7612306794494	0	102.109133073037	29.5775247222121	0	7.16394964576494	0	31.6125290723762	678.199288845754	0	12.6569613941049	164.74215753753	0
chr11	108664940	rs74960534	ENSG00000178105	DDX10	113.29639842966	100.997843558894	106.14823050931	54.8836307309371	43.1302608438938	0	83.6311640470893	0	0	0	107.092620701631	19.7964293904554	118.203831140801	51.2352824106142	0	4.39927605183435	23.8538714716361	49.2740840457704	179.684356372922	131.188756731377	37.4859537923223	0	23.5386916932277	4.02094519275104	0	796.765598084522	0	138.322506664146	0	0
chr7	25180369	rs189095595	ENSG00000153790	SPMIP4	92.3896562990549	73.044168446324	109.117195511537	45.5882624601649	62.0547630509084	0	98.2205093188781	0	0	0	112.112666687929	16.1014555124004	88.6160726609744	59.0452519975398	0	0	145.875598615005	30.8517913619913	55.8604216703383	0	16.291363884427	0	62.8673132179372	6.52675161721908	91.4505305308026	0	348.041181098205	0	0	0
chr3	52057238	rs9851576	ENSG00000164086	DUSP7	54.4111365706775	36.3093932168707	76.2884835337869	29.5938423736384	0	43.7957774968042	53.4476275780789	0	0	0	62.6896026102729	28.5349077589943	108.488447759366	19.8072120246727	40.7377216949171	2.46359458902724	0	0	0	37.0104301106153	15.9750267216226	0	22.0766611532756	0	114.030908439643	0	0	9.04068671007491	0	0
chr8	22599436	rs184417638	ENSG00000241852	C8orf58	42.514499283341	24.7329255887303	57.3304049258163	10.4408020009271	0	0	24.2434978971486	0	0	0	103.002401046803	1.56429551041746	27.2325140237214	18.16053169008	0	17.2451621231907	22.9364148765732	36.1787193669395	0	0	22.9344443033195	0	24.8545191791845	0	58.7089825629844	0	0	0	0	0
chr9	27529865	rs3736319	ENSG00000120162	MOB3B	42.6588259055444	25.0367698834322	36.2306510428018	12.7108433934159	32.3476956329204	832.11977243928	31.6971651414976	0	0	0	27.1580423044179	9.52062612374762	7.06573336831689	11.7149543803884	0	0	46.7902863482093	11.3197220105148	0	0	5.37773176767493	0	0.584812215980811	5.88573136909934	0	222.904661368884	0	29.8342661432472	0	0
chr10	50067831	rs11597666	ENSG00000290956	FAM21EP	15.4223304868764	12.9741513837689	28.8778236544739	8.65670219092823	0	0	14.0424038187052	0	0	0	24.9427183671446	2.61614938811195	3.09125834863864	7.24539347220808	0	0	0	12.4294986782123	12.1030913619066	0	0	0	0	0	0	0	0	0	0	0
chr11	18634515	rs7943121	ENSG00000179119	SPTY2D1	139.460753226246	134.056102822455	144.713848819488	73.8631205384734	57.433663674777	0	123.71052494631	0	0	0	147.00909971819	29.4249379631973	194.896478742741	78.523127955294	209.346625376657	0	25.688784661762	66.5866000618518	117.30688550771	70.7163575327828	44.4453713740193	0	21.1994428293044	7.22604643334969	93.7085683216866	0	272.497358844331	27.1220601302247	155.756221671847	0
chr4	102625739	rs12648696	ENSG00000109320	NFKB1	15.9584007979175	18.3521953999916	19.3678576317154	11.044757967736	0	0	19.7789292917451	0	0	0	11.5694784522282	0	34.003841835025	0	0	0	0	0	0	31.392775540254	0	0	0	0	0	0	0	37.0668155113071	0	0
chr10	38356189	rs2800551	ENSG00000290439	HSD17B7P2	16.4326168423001	14.7060638635694	24.5480830262261	4.09579333812963	12.7630363721727	0	18.5705702674905	0	0	0	25.5168734242819	6.14929959267551	9.12657226740932	9.59779395019771	0	12.8458860713563	0	0	0	0	15.9750267216226	0	0	0	0	0	0	0	0	0
chr3	182793470	rs866887335	ENSG00000058063	ATP11B	67.4211506578687	50.9850726509699	71.8041093116731	31.5792608392402	10.3424605084847	0	40.499106665541	0	0	0	66.967819938677	6.36506449066413	33.4150307209986	26.2057413248045	0	1.93568146280712	134.86611947425	33.5152553644654	0	0	43.3381913042038	0	18.713990911386	0	0	0	70.1478349500258	56.0522576024644	0	0
chr12	54560572	rs1874308	ENSG00000123360	PDE1B	104.471856386367	80.7314291022808	123.150194154876	38.9030946896245	99.6837151136934	0	72.6160175733586	0	0	0	103.607042213169	12.4604228588425	83.4639754132433	66.5258855175469	0	20.236669838438	115.599530977929	78.1282774059061	38.1712881413978	109.048588718777	51.4047889557162	0	49.1242261423882	8.79945976964357	0	0	339.947200142433	0	0	0
chr2	178480371	rs1297679692	ENSG00000116095	PLEKHA3	114.801518918353	101.271303424126	140.987179207318	63.0127392037334	66.2357577245512	0	126.279877818936	0	0	0	132.589170053094	17.1802800023434	164.131098034861	53.6817789077235	93.9230805743921	8.09466793537521	0	80.1258754077617	16.7581265011015	52.8720430151647	31.9500534432452	0	36.8431696067911	0	0	0	0	68.7092189965693	0	0
chr1	228635616	rs61825680	ENSG00000199270	RNA5S12	1.19584915539951	0	3.75759633094359	1.03436136844291	0	0	2.48031589189086	0	0	0	1.11274298684145	0	0	0	0	0	0	0	0	0	15.9750267216226	0	0	0	0	0	0	55.1481889314569	0	0
chr6	33019180	rs6933782	ENSG00000204252	HLA-DOA	54.0812471484983	52.9296761370617	78.0281114647793	20.5067347810762	3.74088997115405	0	48.2834826954754	0	0	0	62.7658178833442	20.713430206907	11.7762222805282	30.0166300991477	0	2.11165250488049	68.8092446297195	17.534471349621	0	3.96540322613735	23.0926128847217	0	32.0184688249494	0	45.1607558176803	0	0	0	0	0
chr9	27529822	rs3202601	ENSG00000120162	MOB3B	44.4525996386437	29.7159720218406	43.2587478840111	16.4248254881605	31.2474338766986	832.11977243928	39.379784622021	0	0	0	33.3314794231958	6.58082938865274	12.0706278375414	13.1263946671822	0	0	86.2409199359151	21.9735780204111	0	2.97405241960301	0.790842907011019	0	6.14052826779852	5.18643655296873	0	222.904661368884	0	29.8342661432472	0	0
chr6	136822473	rs1321470	ENSG00000112357	PEX7	42.9062429721788	26.1002249148887	39.5243465921474	18.4657801346184	0	0	28.8098230519631	526.123926771965	0	0	31.4413406510268	4.7737983679981	44.8968474445136	16.4197553363677	0	0	73.3965276050342	40.1739153706506	0	0	12.3371493493719	0	7.16394964576494	0	0	0	0	0.904068671007491	0	0
chr16	81314879	rs12597517	ENSG00000261609	GAN	100.038967275834	102.729756038694	112.882523522174	51.8569088742854	44.4505749513599	0	99.199916106958	0	0	0	85.3814299127108	15.7508375531689	121.589495046453	27.005557487321	0	8.7985521036687	44.0379165630205	56.154699385495	0	60.1419489297498	70.7013558867851	0	4.23988856586088	0	235.96494914738	189.706094782029	0	45.2034335503745	0	0
chr19	53431907	rs2617763	ENSG00000241015	TPM3P9	90.4927921215247	72.7707085810924	109.008951995831	55.0710653413261	51.0521454886906	0	106.997011705569	0	0	0	117.234333038323	11.6782751036338	76.6926476019396	43.1430247663299	129.002785367237	0	204.592820699033	17.3125160160815	0	10.9048588718777	41.5983369087796	0	48.5394139264073	7.40087013738234	34.9995857587022	0	118.711720684659	0	0	0
chr18	12658192	rs3902981	ENSG00000128789	PSMG2	40.9269064391038	36.9474662357446	67.1573698160001	23.3182539369109	71.2969618031714	0	38.9345997183483	0	0	0	68.3701809631895	20.0661355129412	6.03531391877068	22.6300925982603	0	0	55.9648522988385	14.2051413465284	0	33.3754771533227	3.79604595365289	0	19.5912092353572	0	0	0	0	0	0	41.5995149359085
chr1	111755596	rs370244042	ENSG00000284830	LOC101928718	97.4617061650597	85.4410156701594	144.149436201877	66.4837505072331	79.6589511504569	0	121.789870076179	0	0	0	124.490027034714	26.512111840351	59.3227197381606	49.4004100377823	0	32.5546427835742	111.012248002614	51.7155927147049	17.6891335289405	7.9308064522747	15.3423523960138	343.974830017724	59.3584399220524	0.7575693841415	0	0	70.1478349500258	6.32848069705244	0	0
chr8	22599483	rs1283766714	ENSG00000241852	C8orf58	40.019710528111	24.67215672979	48.6631919896275	13.2662052019758	4.62109937613148	0	26.5584593962468	0	0	0	85.3458627852775	6.47294693965844	22.6692278900167	18.5839637761181	0	9.15049418781545	0	24.1931313558062	0	0	29.2611875594077	0	36.5507634988007	0	111.772870648759	0	0	0	0	0
chr13	46894174	rs9534510	ENSG00000102468	HTR2A	34.92704257322	16.620282920191	24.2156207994143	13.8146249879288	16.2838739920824	0	22.5009169884868	0	0	0	17.6768623343442	7.14721224587286	16.3395084142328	1.22324824855461	0	0	46.7902863482093	4.43910667079012	0	0	12.8116550935785	0	13.3044779135635	0	60.9670203538684	0	0	27.1220601302247	0	0
chr11	6234763	rs572558232	ENSG00000132259	CNGA4	135.91444193782	114.822758967828	175.393153842501	73.9255987419364	65.7956530220625	0	122.387689803968	0	0	0	181.448241110022	37.3003567397817	204.317456567163	92.4493387849926	97.3178907156352	78.3071137226515	140.370859044628	103.20923009587	0	141.432715065566	136.973991494308	0	31.2874535549734	0	68.8701526219624	0	326.457231882812	33.4505408272772	0	0
chr19	50804968	rs7258582	ENSG00000167747	C19orf48P	100.121439631379	79.4856674940032	119.500841339638	52.0998796655304	45.9909414100704	0	94.7353475015545	0	0	0	95.9855149060354	23.9499036767362	83.0223670777235	45.7777133016783	184.451351007541	0	171.564383276767	156.034599478273	103.341780090126	125.240651892171	66.74714135173	0	42.545088712604	0	112.901889544201	37.9412189564058	89.0337905134943	18.0813734201498	0	0
chr1	88684130	rs76421803	ENSG00000065243	PKN2	116.306639407045	108.56356649697	138.582626822701	70.8363986818217	34.3281667941196	0	135.298052010477	0	0	0	144.392375342741	24.7590220441935	155.446134102972	34.8155270742466	43.0009284557458	10.9102046085492	111.929704597677	81.0136967419197	0	83.2734677488844	41.2819997459752	0	29.3868138530358	0	33.8705668632602	213.419356629783	380.417104921294	131.089957296086	0	0
chr12	6470978	rs2534721	ENSG00000139190	VAMP1	121.028181761984	118.46889050425	128.910295526384	59.4028874480937	114.427222647065	0	93.2980362411254	0	0	0	156.134608413931	46.9558359247722	194.307667628715	73.4889909323962	113.160338041436	0	0	104.762917430647	142.444075259363	106.735436836864	73.7065589334269	0	57.4578002201147	7.22604643334969	114.030908439643	0	0	0	0	0
chr9	6703997	rs820496	ENSG00000229611	LINC02851	81.5445415449146	54.114668886399	96.2903389003528	34.7656492158529	36.9687950090518	0	58.840724696857	0	75.6168775288088	0	112.808766181981	26.0266408198766	61.8251669727728	37.1679275522362	0	15.6614227445303	0	38.176317368795	0	67.7423051131797	16.9240382100358	0	20.907036721314	0	0	0	0	47.915639563397	0	0
chr18	54269477	rs3730668	ENSG00000101751	POLI	81.6063958115732	97.230174304591	102.483414334686	52.4539228184873	22.6653921781687	0	89.0242611658673	0	0	0	104.379356980291	21.41466612537	100.833903277022	34.0627589212899	0	14.0776833658699	0	19.310114017937	0	97.1523790403651	52.8283061883361	0	47.0773833864553	0	0	0	13.4899682596203	0	0	57.1993330368742
chr3	9649404	rs371581247	ENSG00000163719	MTMR14	95.83287714305	93.5232739092285	129.095855839023	49.5660414139756	79.6589511504569	0	104.313182714856	0	0	0	125.430015402593	27.6988187792884	109.666069987418	75.2297672861085	105.239114378536	53.3192257482323	46.7902863482093	75.0209027363531	82.8596254776685	98.4741801157442	43.1800227228016	0	26.3165497191365	0	137.740305243925	0	364.229143009749	122.953339257019	0	0
chr11	33039223	rs10836014	ENSG00000176148	TCP11L1	77.3590695010163	71.1299493897024	62.7735074298992	30.5240734029763	74.8177994230811	0	78.5560561452203	0	226.850632586426	0	68.4565582726703	3.7219444903036	86.4080309833753	28.8404298601529	63.3697893032043	10.7342335664758	0	43.2812900402037	246.716862377328	84.9257190931083	39.8584825133553	0	11.4038382116258	0	0	0	0	0	0	0
chr5	141969069	rs187543	ENSG00000013561	RNF14	89.6268323883043	79.0602854814206	114.877296883045	59.8749449853697	52.1524072449124	0	99.5051857551908	0	0	1202.77257478328	96.2446468344779	26.9975828608254	205.936687130736	50.2002262002988	0	0	64.2219616544049	25.3029080235037	0	96.1610282338307	71.8085359566005	0	70.7622781336782	11.4800898981443	19.1933212225141	308.272404020797	272.497358844331	9.9447553810824	0	0
chr10	101830782	rs77435516	ENSG00000120049	KCNIP2	58.5966086145758	24.186005858267	68.2320732933687	25.8173820754307	0	0	37.3192144964502	0	0	0	87.2004344300132	46.0388351083206	101.275511612542	37.1679275522362	15.8424473258011	7.56675480915509	0	2.21955333539506	76.3425762827957	0	48.2414173276721	0	8.18737102373136	0	0	0	151.087644507748	48.8197082344045	0	0
chr16	28609990	rs2077412	ENSG00000196502	SULT1A1	21.2160134638981	19.7498791556201	25.6846399411412	15.6473189561766	0	0	16.6880741033888	0	0	0	83.7199369597557	30.4767918408918	44.6024418875004	17.8782436327212	29.4216878907734	28.1553667317399	0	0	94.0317098117361	23.7924193568241	0	0	12.7196656975827	0	0	0	0	0	0	0
chr6	26285680	rs16891518	ENSG00000158406	H4C8	69.5035776353747	56.6061921029541	95.9114865953812	33.31476649099	64.255286563352	0	64.5772501698969	0	0	0	82.1244972434625	17.2611918390892	72.8653753607679	42.1079685560145	63.3697893032043	11.9660308609894	0	43.0593347066642	0	59.4810483920603	17.3985439542424	0	16.0823359394723	9.49875458577419	0	0	0	8.13661803906742	0	0
chr15	34969886	rs7164266	ENSG00000021776	AQR	92.3690382101687	72.709939722152	94.5584426490537	44.560843114329	24.8659156906122	0	80.8074198009366	0	0	0	82.4344393539526	11.9749518383681	53.8762169334163	25.5470691909674	83.7386501506629	14.9575385762368	0	25.7468186905827	108.92782225716	54.1938440905438	19.7710726752755	0	9.79560461767859	0	0	0	0	96.7353477978015	0	19.0664443456247
chr5	67215959	rs1697138	ENSG00000134061	CD180	60.8233622142852	51.5319923814333	83.9892365083132	32.1832168060491	14.3034028308832	0	64.0811869915187	0	0	0	68.1008869983374	3.58709142906072	61.0891530802398	34.8155270742466	90.528270433149	0	29.3586110420137	0	57.7224357260162	0	0	0	12.8658687515779	0	0	0	0	0	74.8827988806956	0
chr14	20989786	rs2741732	ENSG00000165792	METTL17	50.6792624822756	44.0270383022976	73.1339582189206	28.1637857165965	67.7761241832617	1532.85221238815	40.499106665541	0	0	0	75.2397175760189	20.4437240844212	10.1569917169555	25.0295410858097	108.633924519779	6.33495751464147	79.8187237704746	56.5986100525741	84.7216395333464	3.30450268844779	53.9354862581515	0	8.91838629370737	5.88573136909934	39.5156613404703	0	0	0	0	0
chr12	113185521	rs11066508	ENSG00000139405	RITA1	80.554873278377	42.1735881046164	66.2141048934175	31.9263619695902	14.9635598846162	0	54.0200081685153	0	0	0	65.2860029129029	5.25926938847248	109.666069987418	35.2860071698445	0	15.3094806603835	0	20.8638013527136	0	12.5571102161016	21.0364213264931	0	0	0	144.514418616577	0	296.779301711648	31.6424034852622	0	0
chr14	92040086	rs112899205	ENSG00000100815	TRIP11	59.9574024810649	53.5069802969953	64.961572783103	36.8343719527387	45.110732005093	0	72.0436369829222	0	0	0	55.6777974877103	13.8359240835199	70.3629281261557	45.7777133016783	46.3957385969889	6.15898647256809	4.58728297531463	31.2957020290704	0	16.1920631733942	5.21956318627272	0	19.0063970193764	0	0	479.007889324624	0	0	0	0
chr3	9397385	rs2596911	ENSG00000206573	THUMPD3-AS1	77.0085619899509	46.9439435314354	78.7471576762561	22.582399540569	56.9935589722882	0	59.5911792487625	0	0	0	97.6419268407857	49.0056024556641	89.6464921105206	39.8026160875846	100.712700856878	13.9017123237966	66.9743314395937	82.7893394102358	31.654238946525	13.5484610226359	44.1290342112148	0	63.0135162719324	0	114.030908439643	0	40.469904778861	74.1336310226143	0	0
chr16	971096	rs1368936371	ENSG00000103227	LMF1	78.4105920342124	79.3033609171821	129.281416151662	60.7218717434236	72.3972235593932	0	99.0854399888708	0	961.414585723426	559.706049651623	131.816855285971	17.3960449003321	114.082153342616	83.2279289112733	0	5.4551023042746	28.4411544469507	57.0425207196531	146.168103370719	99.4655309222785	18.5057240240578	0	48.978023088393	4.19576889678369	0	0	0	7.23254936805993	122.807790164341	0
chr9	128192959	rs7853212	ENSG00000148337	CIZ1	11.5255116873849	17.1368182211842	56.9515526208446	30.5101893577623	0	0	17.1968568504433	0	151.233755057618	0	51.882276888758	5.82565224569259	27.2325140237214	32.1808385388982	5.65801690207182	24.9878879744191	30.2760676370766	2.66346400247407	0	0	0	0	29.0944077450454	0	0	0	0	44.2993648793671	0	0
chr2	237966849	rs35277801	ENSG00000184182	UBE2F	117.4200162069	114.610067961537	145.440626710658	44.0193653509831	43.1302608438938	0	94.8625431883181	7760.32791988648	0	0	143.233903192056	24.3005216359677	111.138097772484	39.6614720589052	69.0278062052761	22.5242933853919	90.8282029112298	48.6082180451518	21.4131616402963	37.3408803794601	74.3392332590358	0	52.9255055462634	4.83678914490342	54.1929069812164	270.331185064391	388.511085877066	0	0	0
chr16	56451339	rs75289223	ENSG00000167005	NUDT21	73.1117431904594	49.4050823185203	84.190260180339	37.0079225179137	6.82162288857504	0	79.7771347381511	0	0	0	80.0209557066937	8.65756653179316	117.173411691255	41.9197765177753	72.4226163465192	30.7949323628405	23.8538714716361	54.6010120507185	0	36.3495295729257	11.3881378609587	0	64.4755468118845	0	29.3544912814922	0	21.5839492153926	126.569613941049	0	0
chr11	6390286	rs538063664	ENSG00000166311	SMPD1	85.4001241666337	79.3641297761224	115.619538133602	43.6028439945631	91.5417781176522	0	98.9836834394599	0	43.2096443021765	0	107.224727174954	17.0454269411006	84.7888004198027	30.3459661660663	129.002785367237	15.8373937866037	36.6982638025171	17.7564266831605	46.5503513919486	99.4655309222785	54.8844977465647	0	39.0362154167192	0	0	260.84588032529	62.0538539942536	210.648000344745	0	67.5992117708513
chr17	31937036	rs527723504	ENSG00000178691	SUZ12	57.8543574146726	42.5685856877288	49.397701560491	11.162772352055	10.5625128597291	0	36.5051621011629	0	0	0	67.1913847396862	5.85262285794117	43.5720224379542	28.8404298601529	101.844304237293	13.1978281555031	47.7077429432722	53.047324715942	0	0	8.541103395719	0	9.64940156368339	0	0	0	0	33.4505408272772	0	0
chr15	73994541	rs2301273	ENSG00000067221	STOML1	68.6376179021544	60.5561679340781	46.0498842532922	11.8500325901479	0	0	22.4627582824577	0	0	0	40.5820924013819	7.57874204185009	35.4758696200911	21.9714204644232	81.4754433898341	5.10316022012785	0	22.6394440210296	13.0340983897456	6.93945564574036	14.3933409076005	0	6.43293437578893	0	7.90313226809405	0	188.859555634685	19.8895107621648	0	0
chr1	113812311	rs192007948	ENSG00000081019	RSBN1	104.842981986319	103.853979929091	125.492893101945	55.3695723134271	84.5001028778328	0	85.2974275436929	0	0	0	116.131752087891	27.2672889833112	91.8545337881196	17.5959555753625	16.9740507062154	4.22330500976098	92.6631161013556	41.2836920383481	15.8271194732625	52.8720430151647	34.4807507456804	0	42.9836978745896	0	42.9027180267963	0	196.953536590457	108.488240520899	0	0
chr19	45479071	rs150652488	ENSG00000012061	ERCC1	68.8231807021302	58.4596423006354	85.5046457281999	39.6667171763945	11.0026175622178	0	61.4482362755115	0	0	0	57.6441515329507	26.1884644933681	38.2727224117165	35.1919111507249	0	17.7730752494108	0	13.3173200123704	0	35.3581787663914	53.7773176767493	0	0	0	0	0	0	50.6278455764195	302.52650747801	175.064625355282
chr5	149357846	rs58729522	ENSG00000145882	PCYOX1L	52.6585990153506	56.9404208271261	60.9565627019738	30.0728419335213	24.4258109881235	0	69.7795537585295	0	0	0	64.1732599260615	7.14721224587286	9.27377504591592	38.5323198294702	0	31.1468744469872	195.418254748403	85.2308480791703	0	31.392775540254	63.1092639794793	673.617375451376	31.2874535549734	0.407921976076192	44.0317369222383	0	0	90.4068671007491	0	0
chr17	28842872	rs9890212	ENSG00000173065	FAM222B	47.2772778160529	43.3281964244834	38.9444706151499	37.7784870272906	14.0833504796388	0	53.3840297346971	0	680.551897759279	0	38.3667684641085	1.40247183692599	18.5475500918318	28.1817577263158	35.0797047928453	0	62.387048464279	12.2075433446728	0	30.0709744648749	17.7148811170468	0	19.5912092353572	1.34031506425035	0	0	0	38.8749528533221	0	0
chr20	49046286	rs2252259	ENSG00000124207	CSE1L	118.595247273413	103.094369192337	117.722555010179	49.8090122052206	75.6980088280585	0	100.471872974594	0	0	0	101.843928896118	34.3875306169354	128.949633971783	41.4022484126176	84.8702535310772	29.5631350683268	0	27.9663720259778	94.0317098117361	70.7163575327828	34.3225821642782	0	64.9141559738701	2.50580642446804	34.9995857587022	0	62.0538539942536	174.485253504446	224.648396642087	0
chr5	179698934	rs4701196	ENSG00000127022	CANX	119.440588917747	94.8905732353868	132.335429630515	67.698604463458	65.7956530220625	0	112.848013296696	0	1393.51102874519	0	154.991379317861	13.5392473487856	116.437397798722	78.9465600413321	164.082490160083	23.7560906799055	145.875598615005	91.223642084737	15.8271194732625	78.9776142539022	71.0176930495895	0	22.9538794772469	0	0	0	121.409714336583	30.7383348142547	0	0
chr1	16613958	rs398612	ENSG00000219481	NBPF1	28.4941988407261	11.4853143397298	41.8129237813641	13.5022339706138	0	0	20.1732359207123	0	0	0	38.6817915928033	30.2340563306546	0	20.0895000820315	0	0	0	19.9759800185555	0	8.26125672111948	0	0	20.7608336673188	3.90439605672927	30.4835101769342	0	0	0	0	0
chr6	31271331	rs1131118	ENSG00000204525	HLA-C	20.2469632862468	5.62111945198417	23.0790638844992	17.2370421331795	16.5039263433267	0	18.8376812096942	0	0	0	38.4988749374321	2.72403183710626	15.3090889646866	6.30443328101222	169.740507062154	0	0	0	0	15.2007123668598	10.4391263725454	0	5.70191910581291	0	0	0	0	0	0	0
chr9	129835342	rs11790613	ENSG00000136819	C9orf78	95.8741133208224	101.362456712536	137.082680962201	58.5143085543978	9.68230345475167	0	107.467635746594	0	0	0	125.765362604107	8.19906612356735	115.259775570669	67.7961817756613	0	24.6359458902724	67.8917880346566	25.3029080235037	0	23.7924193568241	49.9812717230964	0	43.8609161985609	1.28204049623946	0	0	288.685320755875	111.200446533921	0	0
chr2	241149506	rs3806599	ENSG00000115687	PASK	66.4933366579897	63.0173067211631	76.6982625575317	40.4928178666274	1.10026175622178	0	68.3295229294241	0	0	0	70.3009678809966	6.58082938865274	129.832850642823	21.0304602732273	0	0	3.66982638025171	36.844585367558	0	62.1246505428185	14.5515094890027	0	18.713990911386	6.64330075324084	0	0	75.5438222538739	41.5871588663446	0	0
chr19	57191519	rs59020892	ENSG00000083844	ZNF264	45.8546296829052	37.8893835493203	38.2718144818329	39.0211090739435	44.4505749513599	0	49.5045612884063	0	0	0	34.4747085192658	14.7529248999715	22.0804167759903	16.4668033459274	0	17.7730752494108	0	23.3053100216481	0	15.8616129045494	0	0	23.1000825312421	2.79717926452246	0	479.007889324624	0	0	0	0
chr1	15525181	rs4645980	ENSG00000132906	CASP9	82.3898831892487	53.7500557327567	109.387804300802	43.1654965703222	74.8177994230811	0	84.6996078159038	0	0	0	155.184458009641	10.2488326544592	101.717119948062	54.7168351180389	76.9490298681767	18.3009883756309	54.1299391087127	0	0	44.94123656289	15.9750267216226	0	53.364114708249	3.96267062474015	73.3862282037305	0	0	17.1773047491423	191.699965134581	0
chr19	35748413	rs1019107970	ENSG00000267796	LIN37	142.306049492541	110.751245418823	139.456306628044	77.7992473566421	1.76041880995485	0	115.379207463292	0	0	500.162852880174	170.239514950332	23.707168166499	131.304878427889	58.2924838445831	18.1056540866298	75.3156060074041	0	124.073031448584	134.065012008812	131.188756731377	67.537984258741	0	64.9141559738701	2.33098272043538	40.6446802359123	0	0	115.720789888959	0	13.8665049786362
chr3	75785600	rs796083673	ENSG00000227124	ZNF717	81.1321797671906	76.5079934059251	63.9796494620539	40.8676870874054	59.6341871872205	0	71.789245609395	0	0	0	67.8011069242569	23.4644326562618	69.4797114551161	28.0406136976364	114.291941421851	13.1978281555031	85.3234633408522	19.754024685016	54.9294146424993	0	14.8678466518072	0	8.33357407772656	0	0	0	226.631466761622	0	0	0
chr19	17305548	rs11668755	ENSG00000130312	MRPL34	109.110926385762	70.2791853645372	132.319966271129	42.6309608295832	30.5872768229655	0	102.468845256783	0	0	190.538229668638	137.731160476306	23.7611093909962	75.9566337094066	72.5480307412003	119.949958323922	15.3094806603835	63.304505059342	21.7516226868716	55.8604216703383	53.2024932840095	54.5681605837603	0	58.0426124360955	2.85545383253335	30.4835101769342	0	0	122.953339257019	0	0
chr5	176537482	rs890836	ENSG00000146083	RNF44	89.4825057661009	83.405258895657	102.491146014379	43.0058300503612	59.4141348359762	0	90.7032442311473	0	0	0	106.513384626289	42.9911559242314	110.254881101445	35.8035352750022	31.6848946516022	1.93568146280712	73.3965276050342	2.66346400247407	78.2045903384736	140.771814527876	77.9771106312865	0	13.7430870755491	0	101.611700589781	0	110.617739728887	23.5057854461948	0	0
chr2	112584474	rs3748026	ENSG00000125611	CHCHD5	72.7818537682803	89.8467579433362	113.300034225612	40.8746291100124	40.2695802777172	0	88.0702935151401	0	1091.04351862996	1202.77257478328	100.451729908015	35.1696783721442	170.902425846165	56.5517074908708	209.346625376657	8.27063897744858	38.5331769926429	30.8517913619913	148.030117426397	124.910201623327	64.8491183749035	0	51.0248658443258	0	40.6446802359123	0	75.5438222538739	0	0	0
chr22	45164027	rs132849	ENSG00000093000	NUP50	46.2463733717429	49.8000799016327	34.0271223302114	19.3057648700653	0	0	49.7335135245808	0	0	0	35.5061552148312	5.63685795995256	37.6839112976901	15.7610832025306	28.2900845103591	0	72.4790710099712	0	0	22.8010685502898	54.8844977465647	0	11.9886504276066	0	228.061816879285	0	0	0	0	0
chr19	6739699	rs2303109	ENSG00000125733	TRIP10	43.545403727651	46.7616369546143	61.2349031709326	22.1172840259	53.2526690011342	0	35.8946228046975	0	0	0	68.5835837277892	9.68244979723908	37.3895057406769	30.9105422807838	0	5.63107334634797	24.771328066699	8.87821334158024	0	0.330450268844779	4.1123831164573	0	3.65507634988007	0.932393088174154	1.12901889544201	0	129.503695292355	0	0	39.866201813579
chr22	46335653	rs542099628	ENSG00000100416	TRMU	76.5962002122269	62.1665426959979	74.6725624778872	40.8676870874054	25.5260727443453	0	80.3876740346166	0	0	0	57.7457718970458	8.03724245007589	85.2304087553225	42.8136886994114	0	0	0	70.5817960655629	0	19.496565861842	12.6534865121763	0	18.8601939653812	0	44.0317369222383	0	0	0	0	0
chr3	38025030	rs188571527	ENSG00000187091	PLCD1	117.337543851355	105.008588248958	164.715704186054	65.1647662119032	15.8437692895936	0	110.851041014507	0	270.060276888603	0	155.794180194212	18.2591044922865	127.77201174373	80.3580003281259	90.528270433149	78.1311426805781	393.588879281996	68.3622427301679	47.4813584197876	36.6799798417705	61.8439153282617	0	43.4223070365753	0	42.9027180267963	0	269.799365192407	37.9708841823146	0	0
chr5	56909472	rs10042998	ENSG00000155542	SETD9	75.0910797235345	56.0592723724908	104.841576641142	36.2443000311438	61.6146583484197	0	81.8631440010748	4998.17730433366	0	0	104.618164835915	28.0764073507685	112.757328336057	18.8662518334769	86.0018569114916	11.7900598189161	0	38.8421833694136	23.2751756959743	122.597049741413	58.6805437002176	0	57.7502063281051	0	33.8705668632602	0	118.711720684659	0	0	0
chr12	21437854	rs2110165	ENSG00000121350	PYROXD1	60.9883069253748	31.7821132258132	65.3713518068479	17.8895922582374	50.1719360837132	0	48.0672500279772	0	0	0	47.6345456695824	3.91073877604364	0	20.2306441107109	0	0	230.281605360795	0	0	15.8616129045494	31.3173791176363	0	0	4.77851457689254	0	0	0	0	0	0
chr6	31795967	rs75518884	ENSG00000204394	VARS1	95.1524802098055	49.6481577542818	110.67126312989	43.2140907285712	6.82162288857504	0	93.7813798508272	0	0	0	97.3675518577289	29.7485853101802	76.3982420449264	44.930849129602	0	1.40776833658699	16.5142187111327	57.4864313867321	0	80.6298655981261	35.9042679783003	0	14.7665084535155	0.407921976076192	0	241.875270847087	153.785638159672	0	0	0
chr1	16613925	rs443670	ENSG00000219481	NBPF1	38.4733538616462	21.4514072059504	55.8845808231693	17.2162160653585	5.06120407862019	0	23.9382282489159	0	0	0	49.077554839733	37.0036800050474	0	23.9944848754943	0	0	0	22.4174886874901	0	19.1661155929972	0	0	32.6032810409302	1.68996247231565	67.7411337265204	0	0	0	0	0
chr1	206470431	rs2297549	ENSG00000263528	IKBKE	41.7722480834379	21.056409622838	61.1343913349197	25.1370638599448	13.6432457771501	0	48.3598001075336	0	0	0	45.8206221704847	22.0080195948387	76.8398503804462	18.3957717378789	55.4485656403038	11.9660308609894	0	36.6226300340185	0	38.9931317236839	3.16337162804408	0	7.45635575375535	4.02094519275104	45.1607558176803	0	0	46.107502221382	17.9718717313669	0
chr17	3049001	rs11078428	ENSG00000262628	OR1D5	146.573993891984	135.362633289673	150.620852105169	74.3282360531424	77.6784799892577	0	107.531233589976	0	0	0	114.338152661612	12.2176873486053	141.314667366338	60.9742203894913	70.1594095856905	65.9891407775153	0	77.6843667388271	118.237892535549	2.64360215075823	43.6545284670082	0	67.8382170537741	0	24.8384156997242	0	0	18.0813734201498	0	0
chr18	63422534	rs78682880	ENSG00000119541	VPS4B	141.811215359272	131.078428734377	131.477213184559	71.4542386938446	66.2357577245512	0	126.585147467168	0	0	0	158.126367550195	17.7466628595635	242.295773421867	54.7638831275987	0	0	119.26935735818	23.0833546881086	0	167.538286304303	34.164413582876	0	61.5514857319804	0	0	0	21.5839492153926	55.1481889314569	0	0
chr12	26833274	rs1179932335	ENSG00000123104	ITPR2	104.533710653026	65.2657545019567	119.647743253811	36.2790101441788	91.5417781176522	919.711327432888	95.104214993169	0	0	0	133.844181549668	17.6657510228178	84.3471920842829	72.8303187985591	0	0	66.0568748445307	74.7989474028136	0	95.830577964986	22.7762757219173	0	15.0589145615059	0	46.2897747131223	0	285.987327103951	77.7499057066442	0	0
chr4	139083048	rs928231514	ENSG00000109381	ELF2	106.739846163849	73.2264750231451	131.090629199894	49.4619110748706	49.2917266787358	0	87.332558531911	0	0	0	112.132990760748	14.6180718387286	114.670964456643	81.6282965862403	75.8174264877623	35.5461504988216	121.104270548306	29.0761486936753	32.585245974364	78.9776142539022	65.956298444719	0	46.4925711704745	8.3332632255565	202.094382284119	227.647313738435	0	91.3109357717566	0	0
chr1	17237472	rs2977306	ENSG00000142623	PADI1	0.76286928878934	0.243075435761478	4.21376543284827	3.01977983404473	0	0	6.11811253333079	0	0	0	6.55451348413454	4.85471020474383	8.09615281786311	7.90406560604517	0	0	0	0	0	0	0	0	0	0	0	0	0	0	0	0
chr11	832988	rs200149463	ENSG00000177697	CD151	40.741343639128	18.2914265410512	51.4234016401354	19.3821271187423	37.1888473602962	0	34.9533747226466	0	0	0	42.4823932099604	7.0932710213757	48.1353085716588	17.1254754797645	0	0	71.5616144149083	4.88301733786913	60.5154568095332	9.91350806534338	0	0	8.62598018571697	0	0	0	0	0	0	0
chr17	36195587	rs2277661	ENSG00000276085	CCL3L3	30.3704449293702	4.92227757416992	86.8190312760609	3.98472097641765	12.7630363721727	0	11.9436749871052	0	0	0	44.7332842746671	2.80494367385199	0	9.17436186415958	61.1065825423756	20.9405540067315	0	0	0	0	0	0	20.0298183973428	0	88.0634738444766	0	0	0	0	0
chr15	63600712	rs12899671	ENSG00000259248	USP3-AS1	38.0609920839222	37.0993883830955	65.0466212597293	22.998920896989	30.8073291742099	0	33.8340526791266	8417.98282835143	0	0	44.4690713280198	22.7631967377988	18.841955648845	27.4289895733591	0	0	0	0	0	15.2007123668598	0	0	37.7203879307623	5.88573136909934	34.9995857587022	0	0	0	0	0
chr10	103396693	rs149421028	ENSG00000148843	PDCD11	52.8235437264402	37.7070769724992	79.2961069344804	28.8857560677244	0.880209404977425	0	61.918860316537	0	874.995297119073	0	58.2843598267499	15.0226310224573	28.7045418087874	21.7361804166242	132.39759550848	17.7730752494108	14.6793055210068	36.400674700479	8.37906325055074	98.804630384589	2.37252872103306	0	17.6905695334195	0	7.90313226809405	42.6838713259566	291.3833144078	29.8342661432472	0	50.2660805475561
chr6	110981936	rs34467595	ENSG00000197498	RPF2	59.2563874589341	51.1977636572612	50.8203306240581	26.1089470249247	0	0	43.3991683237519	0	0	0	46.521802682741	0.188794285740038	76.6926476019396	19.6660679959933	78.0806332485911	1.75971042073374	0	21.0857566862531	0	0	1.58168581402204	0	14.7665084535155	2.33098272043538	114.030908439643	0	0	62.3807382995169	0	0
chr11	18012985	rs192881652	ENSG00000129158	SERGEF	87.7918224774327	70.0664943582459	96.0119984313941	47.2335218180238	0	0	94.684469226849	0	0	0	80.2953306897505	22.0619608193358	36.3590862911307	30.7693982521044	0	17.7730752494108	128.44392330881	29.5200593607543	0	34.366827959857	58.5223751188154	0	0	4.545416304849	0	0	62.0538539942536	25.3139227882097	0	86.6656561164761
chr1	16206590	rs912094344	ENSG00000142632	ARHGEF19	99.8327863869725	95.9236438373731	114.266494187274	44.887118176858	45.110732005093	0	91.5045770577582	0	1091.04351862996	1178.9552960747	140.850905654026	14.4292775529886	51.2265669202975	60.4566922843336	82.6070467702485	13.1978281555031	52.2950259185868	32.4054786967679	0	46.9239381759586	6.80124900029476	0	24.8545191791845	0	143.385399721135	0	0	70.5173563385843	0	0
chr7	66740593	rs146919701	ENSG00000154710	RABGEF1	127.729060649999	97.6555563171736	141.350568152903	50.4893304207065	38.289109116518	613.140884955259	113.305917769045	0	0	0	139.692433503342	19.7694587782068	26.2020945741751	87.9797778768123	231.978692984944	0	62.387048464279	22.8613993545691	0	54.1938440905438	32.2663906060496	0	43.8609161985609	4.02094519275104	18.0643023270721	654.486026998001	0	169.060841478401	0	0
chr12	120291953	rs7311566	ENSG00000202538	RNU4-2	103.502806208716	70.7653362360602	109.024415355217	36.9593283596647	39.8294755752285	0	69.3470884235332	0	0	0	91.0975753930607	53.8872832726565	69.0381031195963	35.7094392558827	0	23.4041485957588	92.6631161013556	22.4174886874901	1.86201405567794	23.1315188191345	27.5213331639835	0	40.6444490106664	0	0	0	0	104.871965836869	302.52650747801	0
chr1	16206601	rs221053	ENSG00000142632	ARHGEF19	100.616273764648	101.088996847304	120.498228020074	47.2474058632378	44.4505749513599	0	97.0757481380054	0	1091.04351862996	1047.96026317751	144.783613744507	15.0226310224573	54.4650280474427	58.8100119497409	107.502321139364	13.1978281555031	42.2030033728946	33.5152553644654	0	61.4637500051289	10.2809577911432	0	28.070986367079	0	130.966191871273	0	0	56.0522576024644	0	0
chr1	10399079	rs189369210	ENSG00000142657	PGD	58.101774481307	46.548945948323	78.9713763873618	27.8791627897095	0	0	51.2344226283917	0	0	0	73.4156320405116	16.506014696129	35.1814640630779	30.5341582043055	11.3160338041436	7.03884168293496	53.2124825136497	8.87821334158024	40.0333021970758	3.63495295729257	49.9812717230964	0	3.80127940387527	2.15615901640273	0	692.427245954406	267.101371540483	47.915639563397	0	0
chr2	98508913	rs3754884	ENSG00000040933	INPP4A	70.0396479464159	27.5586775294575	72.291205132351	33.606331440484	25.0859680418566	0	62.338606082857	0	0	0	38.7173587202366	6.20324081717267	36.6534918481439	30.8164462616642	45.2641352165745	16.7172489969705	0	5.32692800494815	0	11.5657594095673	15.9750267216226	0	0	3.26337580860954	0	0	261.705384236635	51.531914247427	0	0
chr19	4247479	rs8109160	ENSG00000105248	YJU2	121.749814873001	80.9745045380422	129.544293261234	54.7656163466181	0.440104702488712	0	97.1393459813872	0	0	0	137.980130368339	23.2216971460246	58.8811114026408	60.7389803416924	0	6.51092855671484	97.2503990766702	14.6490520136074	94.0317098117361	10.5744086030329	52.9864747697383	0	15.4975237234915	2.73890469651158	0	355.698927716305	277.893346148179	0	83.868734746379	0
chr22	46335652	rs182529223	ENSG00000100416	TRMU	76.4106374122512	62.1057738370575	74.3942220089285	40.7566147256934	25.7461250955897	0	80.260478347853	0	0	0	57.7356098606363	8.09118367457305	85.0832059768159	42.5784486516124	0	0	0	71.9135280668	0	19.496565861842	12.4953179307741	0	18.713990911386	0	44.0317369222383	0	0	0	0	0
chr9	108934109	rs2275641	ENSG00000070061	ELP1	66.7613718135103	38.1324589850818	70.4278703262658	45.9492476357289	11.4427222647065	0	70.4664104670532	0	0	0	80.7322982553595	7.47085959285578	58.7339086241342	16.0433712598893	156.161266497182	1.05582625244024	0	14.6490520136074	0	45.6021371005795	10.5972949539477	0	48.3932108724121	0	51.9348691903323	0	272.497358844331	8.13661803906742	0	0
chr17	3636748	rs17707869	ENSG00000040531	CTNS	67.3180602134377	42.2951258224971	70.8376493500107	24.8871510460928	26.8463868518114	0	56.5257631977589	0	0	0	60.1694175807142	13.7819828590228	104.219567182674	38.7675598772692	0	28.5073088158866	0	0	67.9635130322449	0	26.2559845127658	0	5.99432521380332	1.98133531237008	33.8705668632602	194.44874715158	0	0	0	0
chr17	4967298	rs1349884788	ENSG00000091640	SPAG7	87.4206968774811	72.37571099798	123.443997983221	39.2640798651885	55.013087811089	2211.68676358861	61.1302470586024	0	788.57600851472	0	112.890062473257	21.7383134723529	120.117467261387	65.2085412498727	0	45.0485867707838	82.5710935556634	56.5986100525741	0	6.93945564574036	21.3527584892975	0	30.995047446983	6.99294816130615	57.5799636675424	0	0	0	35.9437434627339	0
chr6	3751890	rs145809697	ENSG00000168994	PXDC1	34.0817009288859	49.1620068827588	69.9330428258946	20.0138511759792	25.306020393101	0	32.3713022813448	0	0	0	54.7835382836734	20.0391649006926	39.4503446397693	38.2029837625517	11.3160338041436	0	0	0	94.0317098117361	14.2093615603255	15.9750267216226	0	29.533016907031	5.88573136909934	0	0	0	0	0	0
chr17	77425218	rs1377098521	ENSG00000184640	SEPTIN9	74.3075923458589	69.7626500635441	107.725493166743	22.582399540569	28.1667009592776	0	34.5336289563266	0	0	0	99.3034197937407	21.0640481661385	27.9685279162544	26.3939333630437	0	0	0	0	0	9.5830577964986	15.9750267216226	0	0	0	0	0	0	0	0	0
chr19	43475287	rs2599437			82.0393756781833	32.0555730910449	72.9947879844412	27.7680904279975	4.62109937613148	1007.3028824265	50.9164334114826	0	0	0	75.2600416488379	9.57456734824477	45.9272668940598	43.1430247663299	0	8.44661001952196	0	18.866203350858	0	0	15.9750267216226	0	0	0	0	0	0	0	0	0
