sample	n_cells	n_frags
X__11t	1068	9633328
X__12t	609	5812956
X__13t	2646	22605810
X__15t	2439	25404131
X__16t	65	720862
X__17t	1	9909
X__18t	1213	16001911
X__19t	1	1734
X__1t	6	14761
X__20t	2	13494
X__22t	4256	37009125
X__24t	281	3675735
X__3t	147	1572316
X__7t	303	3275398
X__pt1_pre	13	198193
X__pt11_pre	35	838381
X__pt12pre	15	197075
X__pt14pre	56	884408
X__pt16pre	19	219582
X__pt17pre	62	614052
X__pt20pre	55	874361
X__pt22pre	3	11344
X__pt23pre	54	917248
X__pt24pre	196	2718010
X__pt26pre	31	150729
X__pt29pre	13	37497
X__pt30pre	7	64266
X__pt5_pre	23	223165
X__pt6_pre	10	63920
X__pt9_pre	9	120984
