variantID	seqnames	snp_pos	win_start	win_end	total_frags	target_rpgc	others_mean_rpgc	fold_vs_others	keep	rpgc_B/Plasma cell	rpgc_Endothelial	rpgc_Fibroblast/HSC	rpgc_Hepatocyte	rpgc_Macrophage	rpgc_T cell
rs201382618	chr7	143837449	143837200	143837698	7050	36.9005020623591	29.4678780671805	1.25222800156271	FALSE	19.5893234119287	32.3345880104834	32.395882685366	36.9005020623591	26.7835680988037	36.2360281293207
rs2632519	chr17	58352403	58352154	58352652	57936	334.319116530606	206.751042513344	1.61701296625399	FALSE	164.449210474849	160.02040574183	254.061693151423	334.319116530606	172.557979303227	282.665923895388
rs552004702	chr17	59106884	59106635	59107133	98403	510.379655095897	417.927576876843	1.22121554866024	FALSE	277.182607142207	413.298831077781	489.465585673165	510.379655095897	404.918422827064	504.772437663997
rs1404355268	chr20	29497329	29497080	29497578	13856	109.527958545186	19.8132929513668	5.52800379089084	TRUE	25.4787587086763	25.0083525668816	23.4846943249215	109.527958545186	12.5178933795114	12.5767657768433
rs117968722	chr7	77798681	77798432	77798930	128604	681.916356783575	531.944584691693	1.28193119435327	FALSE	375.50837239692	627.852869068978	607.353181691546	681.916356783575	519.705143250508	529.303357050513
rs1333326441	chr20	29497324	29497075	29497573	13796	108.997969287558	19.7832316916709	5.50961394914301	TRUE	25.3776525233244	25.0634370439011	23.3918694461668	108.997969287558	12.4234187124962	12.659780732466
rs868529504	chr17	75589350	75589101	75589599	76969	411.612371299339	316.356059344188	1.30110474935305	FALSE	189.675203720146	380.964243067297	328.97137030641	411.612371299339	315.450913163688	366.7185664634
rs34967322	chr1	222465696	222465447	222465945	60989	399.687613002706	177.87891764265	2.24696449865778	FALSE	129.997277816193	197.698188023211	212.847446984367	399.687613002706	230.14028884898	118.711386540501
rs1173026571	chr20	29497347	29497098	29497596	14020	110.928644440346	19.9928386664526	5.54841892594679	TRUE	25.6809710793801	25.1185215209207	24.1344684762039	110.928644440346	12.3289440454811	12.7012882102774
rs188043663	chr8	56074555	56074306	56074804	60002	298.100029228055	265.527579491981	1.12267068377	FALSE	171.627749634834	263.579222538609	279.031585536419	298.100029228055	292.588043746014	320.811296004032
rs2471847	chr8	102653944	102653695	102654193	89922	517.155946318428	334.710634171223	1.54508370371607	FALSE	237.548982484266	469.760420022833	376.590533107535	517.155946318428	311.719163816588	277.934071424893
rs9898809	chr17	50866574	50866325	50866823	132839	724.949591684203	524.905147534673	1.38110589139596	FALSE	358.370873979775	573.594659204709	563.354189161851	724.949591684203	556.361314052398	572.844701274634
rs62527000	chr8	139970767	139970518	139971016	30409	246.340899764336	42.0143888995998	5.86325081040705	TRUE	46.7868872715872	23.7414095954316	89.4831831194636	246.340899764336	24.6578880909621	25.4025764205547
rs62111295	chr19	12293962	12293713	12294211	19566	132.800165411393	52.0238602366633	2.55267803671754	TRUE	49.8959024711578	35.5294876776181	89.1118836044451	132.800165411393	36.5616961348749	49.0203312952208
rs552222223	chr8	144755463	144755214	144755712	97348	603.108846993048	307.630333878109	1.96049862635463	FALSE	260.449533466469	318.278108219035	357.747082720345	603.108846993048	277.046961022017	324.629983962677
rs6994417	chr8	48192284	48192035	48192533	10616	84.3913251833947	15.7906305315327	5.34439236070221	TRUE	17.5924762512289	11.6779091281473	27.9402885051437	84.3913251833947	11.5731467093596	10.1693320637842
rs157253	chr1	16514091	16513842	16514340	14944	72.5896001072825	68.0950842858843	1.06600352828009	FALSE	40.6446865114599	61.1988539687344	71.1966820048014	72.5896001072825	84.1296909770183	83.3055079674074
rs17855579	chr17	40819076	40818827	40819325	22100	116.682813523166	90.9981602833125	1.28225464294979	FALSE	54.0159795242473	102.016451440231	88.1836348168988	116.682813523166	84.1769283105259	126.59780732466
rs144271591	chr2	202033763	202033514	202034012	44584	221.9897861951	184.834466765048	1.20101943149641	FALSE	182.01641017974	148.452665567722	181.286988207793	221.9897861951	224.802470162622	187.613799707365
rs1037204785	chr2	203238900	203238651	203239149	53338	265.354264381745	239.082249106117	1.10988693378055	FALSE	146.325926750523	274.375780034443	257.310563907835	265.354264381745	241.996859559385	275.4021152784
rs1017105790	chr8	133297239	133296990	133297488	92081	520.790158370735	346.420599408859	1.50334639238956	FALSE	240.455785313133	385.205747797804	389.029066860656	520.790158370735	317.529355838022	399.88304123468
rs79328924	chr7	128531226	128530977	128531475	38662	206.998661479333	149.006352125541	1.38919353790322	FALSE	141.169511297577	178.088114204247	134.874548830478	206.998661479333	167.456347284408	123.443239010996
rs2060982	chr11	68845459	68845210	68845708	17172	140.257871393732	21.8795946725876	6.41044194339935	TRUE	27.3492231376863	14.5423019331646	44.4631169234679	140.257871393732	9.63641603554841	13.4069153330705
rs530404917	chr8	140464790	140464541	140465039	118135	654.470484513547	460.373508140579	1.42160761412383	FALSE	298.46545915878	466.675689309737	520.561920055967	654.470484513547	474.78243908479	541.38203309362
rs59043236	chr3	8444559	8444310	8444808	31679	207.623291675823	96.0314894277077	2.16203344250035	FALSE	88.3162529048761	200.672749782268	146.013534281033	207.623291675823	19.4617814051272	25.6931287652343
rs1292951422	chr1	160098800	160098551	160099049	116330	693.850579174094	395.630400886216	1.75378478908563	FALSE	304.304341362851	330.782284502475	485.009991492943	693.850579174094	316.631846501378	541.423540571431
rs1033185391	chr1	220272529	220272280	220272778	52788	296.898089304506	199.675702783462	1.48690143650816	FALSE	136.3922440397	172.083906209115	239.024062793173	296.898089304506	184.981398015724	265.896902859597
rs62085937	chr17	68457800	68457551	68458049	122456	644.58050640245	516.034914561345	1.24910250879124	FALSE	328.039018374208	557.344738483938	607.910130964074	644.58050640245	507.187249870997	579.693435113508
rs4317817	chr1	221742965	221742716	221743214	46890	276.862602547385	167.369373231484	1.65420110741804	FALSE	101.813928649353	173.295764703545	185.371282872997	276.862602547385	206.143723427124	170.222166504403
rs1176861715	chr22	11974345	11974096	11974594	5762	43.7998265054111	9.81605111504907	4.46206177943198	TRUE	13.9021004858849	10.08045929458	14.2022064494584	43.7998265054111	4.95992001829698	5.93556932702504
rs1248516924	chr22	11974194	11973945	11974443	7028	53.140887171107	12.1038456498295	4.39041348580447	TRUE	17.6683058902428	12.9999365766169	16.8013030545881	53.140887171107	5.95190402195637	7.09777870574323
rs576875943	chr7	155297654	155297405	155297903	113842	625.311611250113	427.513866488927	1.46266977580319	FALSE	379.072365430574	459.735045205272	415.205682669461	625.311611250113	456.029217682277	427.527021457048
rs76810131	chr7	93232348	93232099	93232597	57849	314.302557961258	230.075280585908	1.36608573142172	FALSE	153.276976993466	239.121714741923	257.032089271571	314.302557961258	206.6160967622	294.329525160382
rs955193492	chr14	77098210	77097961	77098459	84942	346.991538244251	459.250196674533	0.755561000859323	FALSE	268.335815923917	500.607727153788	517.591523935818	346.991538244251	454.470385676526	555.245530682615
rs1381996982	chr15	101724679	101724430	101724928	58666	286.724188376822	264.779676418438	1.0828783849849	FALSE	170.717793966667	306.049354320692	263.808305420659	286.724188376822	285.880342387936	297.442585996234
rs7018013	chr8	122698904	122698655	122699153	6306	49.7432774659552	8.74727039840287	5.68671999382089	TRUE	14.7867796077139	5.89403904109323	14.0165566919492	49.7432774659552	3.68451201359204	5.35446463766595
rs62085661	chr17	68101661	68101412	68101910	75239	435.954020774688	274.94863220377	1.58558352256721	FALSE	196.221829221681	378.320188170358	285.900626564261	435.954020774688	317.056982502946	197.243534559601
rs145317211	chr1	180631914	180631665	180632163	105740	615.554130453423	389.097092577635	1.58200650222182	FALSE	229.409934563439	422.553023217067	456.419928836517	615.554130453423	387.535084096271	449.567492174883
rs889055704	chr2	127387406	127387157	127387655	34410	173.192918117766	148.429184209452	1.1668387119434	FALSE	105.554857507373	158.643293816341	152.882575308876	173.192918117766	145.25480053584	179.810393878829
rs796222287	chr19	12293975	12293726	12294224	19712	133.424795607884	52.7132453827393	2.53114363646396	TRUE	50.3761568515793	36.4108393099311	89.2047084831997	133.424795607884	37.931578806595	49.6429434623913
rs115765679	chr1	161530436	161530187	161530685	14507	93.8743472573839	43.1374465585151	2.17616838145589	FALSE	30.4582383372569	54.698885680426	47.8976374373892	93.8743472573839	39.9627841474214	42.6696871900821
rs3008651	chr1	222589893	222589644	222590142	28660	178.814589886179	93.6542486620891	1.90930569024534	FALSE	56.139209416637	60.9785160606562	130.047655135237	178.814589886179	99.1984003659396	121.907462331976
rs10111451	chr8	80171625	80171376	80171874	42004	269.537393879453	118.196330819172	2.28042099117118	FALSE	124.866138909584	70.5632150620601	143.692912312168	269.537393879453	107.0397977282	144.819590083849
rs1050847260	chr2	127387404	127387155	127387653	34366	172.937387582839	148.260554526787	1.16644233616159	FALSE	105.479027868359	158.257702477204	152.696925551367	172.937387582839	145.349275202855	179.519841534149
rs2788473	chr7	158856589	158856340	158856838	78670	415.776572609274	324.22885818641	1.2823552318413	FALSE	219.223486389236	370.608361387619	347.8148206936	415.776572609274	300.051542440213	383.44608002138
rs2418619	chr1	16514073	16513824	16514322	14470	68.6809293322749	67.2404332393537	1.02142306382521	FALSE	40.4677506870941	58.5547990717954	69.0617097934449	68.6809293322749	83.9407416429879	84.177165001446
rs138959519	chr6	36986277	36986028	36986526	64733	345.297465438618	261.404086828297	1.32093369169636	FALSE	188.360823310571	291.782474772625	274.204691841178	345.297465438618	263.489846305339	289.182597911772
rs2517765	chr6	29927214	29926965	29927463	34169	169.520849689914	149.861629770597	1.13118247779242	FALSE	74.1361104092735	162.444122730691	109.347707172954	169.520849689914	178.368171324661	225.012037215404
rs17660862	chr8	86119186	86118937	86119435	18689	144.317967670919	34.2570210361772	4.21279969202552	TRUE	25.3018228843105	28.0379988029575	58.6653233729263	144.317967670919	44.5448054976576	14.7351546230342
rs77713248	chr1	179954679	179954430	179954928	86663	473.356119813017	356.909414628014	1.32626403342811	FALSE	175.570890863557	392.091307425249	437.390828691818	473.356119813017	310.916129146959	468.577917012487
rs550693027	chr1	156054719	156054470	156054968	61944	364.121548178303	226.972630722172	1.6042531076093	FALSE	129.795065445489	267.104629067861	272.719493781104	364.121548178303	226.077878167327	239.166087149079
rs35903871	chr7	95596724	95596475	95596973	53349	295.525795691004	196.882000528105	1.50103003270133	FALSE	211.261374292775	298.943456785168	181.286988207793	295.525795691004	229.951339514949	62.9668438398391
rs62085660	chr17	68101598	68101349	68101847	73198	424.672820862318	267.645137949564	1.58670104794635	FALSE	188.183887486206	368.570235737896	280.331133838983	424.672820862318	309.168347807178	191.972084877558
rs1632906	chr6	29927161	29926912	29927410	36104	179.609573772621	158.156917496307	1.1356415932728	FALSE	77.7759330819415	175.16863692221	115.47414917076	179.609573772621	188.429723361778	233.936144944847
rs12386601	chr7	92528572	92528323	92528821	93320	483.482700271269	392.938562513344	1.23042823076152	FALSE	274.250527767002	420.514897567343	438.690376994383	483.482700271269	342.943041265105	488.293968972885
rs2231516	chr8	140511052	140510803	140511301	37393	242.810792744777	108.939594145501	2.22885714463445	FALSE	87.0524255879775	110.664714332302	129.3050561052	242.810792744777	120.880336445924	96.7954382561007
rs12726307	chr1	177571875	177571626	177572124	8477	70.6683890483804	8.15495508201723	8.66569936163274	TRUE	13.4218461054634	4.57201159262372	10.2107366630093	70.6683890483804	5.76295468792601	6.80722636106368
rs17165189	chr7	93232313	93232064	93232562	59026	321.2775951554	233.865779536341	1.3737691584992	FALSE	157.270671314865	241.214924868666	261.673333209303	321.2775951554	208.033216767428	301.136751521445
rs7529349	chr1	178034920	178034671	178035169	9958	79.0157198560236	13.7468330551178	5.74792168779607	TRUE	20.9289803678413	9.8050369094822	21.6281967498289	79.0157198560236	8.36100803084348	8.01094321759324
rs16899941	chr6	31665912	31665663	31666161	74993	401.249188493931	309.761024572656	1.29535079194515	FALSE	188.790524598317	284.676577237101	382.252850711568	401.249188493931	293.202129081613	399.88304123468
rs58065091	chr8	133375756	133375507	133376005	44616	317.861057262476	85.96715366771	3.69747099562128	TRUE	164.929464855271	72.4360872807253	94.8670260872321	317.861057262476	62.7784162315875	34.8247738837343
rs868924436	chr7	75156958	75156709	75157207	20010	111.203103163047	76.7723553950831	1.44847846064873	FALSE	53.1313004024183	87.7495718921638	80.5719947590191	111.203103163047	73.8319522723636	88.5769576494506
rs2418618	chr1	16514079	16513830	16514328	14375	68.9175316794304	66.34062512983	1.03884356749062	FALSE	39.3555826482233	58.609883548815	68.8760600359357	68.9175316794304	82.7598083052982	82.1017911108778
rs373977249	chr7	2631766	2631517	2632015	116958	571.101281469863	528.852933834298	1.07988676044445	FALSE	343.862136381779	609.454653744444	540.333619230703	571.101281469863	546.016338014236	604.597921800327
rs8025628	chr15	100216387	100216138	100216636	12402	100.33832338167	17.9388222900713	5.59336180264212	TRUE	17.6683058902428	15.8092449046146	39.172098834454	100.33832338167	6.37704002352469	10.6674217975205
rs10283129	chr8	116766434	116766185	116766683	81025	458.544812881088	308.342186574675	1.48712966582675	FALSE	192.708389280703	369.837178709345	337.696908909345	458.544812881088	293.013179747582	348.4552762264
rs62089222	chr17	75589597	75589348	75589846	36743	210.926260442113	136.124745873682	1.54950710165397	FALSE	83.0334547202398	185.634687555927	130.51177952901	210.926260442113	131.9338724867	149.509935076533
rs62089223	chr17	75589605	75589356	75589854	35007	201.765017560255	128.94894395605	1.56468918139432	FALSE	78.4078467403909	176.821171232797	123.271438986149	201.765017560255	125.367883129145	140.876379691769
rs6899532	chr6	7543200	7542951	7543449	21990	161.675115858241	43.0865255371005	3.75233588326882	TRUE	66.5784230542197	33.7667844129921	79.5509210927182	161.675115858241	18.1863734004223	17.3501257251501
rs7697684	chr4	40054597	40054348	40054846	10912	74.4350984150947	27.9643581616668	2.66178461829063	TRUE	21.9400422213602	22.8049734860991	30.8178597465373	74.4350984150947	39.3959361453303	24.862979209007
rs934323	chr8	124618414	124618165	124618663	19284	153.318320956711	28.4366031389568	5.39158352379551	TRUE	32.5814682296466	26.4405489693902	47.2478632861068	153.318320956711	20.2648160747562	15.6483191348842
rs878890956	chr16	55833216	55832967	55833465	27358	217.503805693033	42.8239406143035	5.07902361559845	TRUE	47.0902058276429	28.0379988029575	96.7235236623248	217.503805693033	19.2728320710968	22.9951427074956
rs183714304	chr7	95560821	95560572	95561070	5483	42.9196657739929	7.70838044092517	5.56792261395465	TRUE	13.8768239395469	5.89403904109323	11.1389854505556	42.9196657739929	4.06241068165276	3.5696430917773
rs1360560029	chr18	80147839	80147590	80148088	18014	104.739127038761	67.7243894464787	1.54654959453764	FALSE	47.5199071153884	65.2751052681821	101.921716872584	104.739127038761	68.824794920559	55.0804230556799
rs10097617	chr8	94949398	94949149	94949647	63930	350.597358014899	248.08994664806	1.41318647833907	FALSE	191.798433612536	307.922226539357	254.247342908932	350.597358014899	257.443467616367	229.038262563106
rs78255464	chr12	131929053	131928804	131929302	51640	255.01000976411	227.725243564732	1.11981441219371	FALSE	163.109553518937	226.066693688286	246.171578457279	255.01000976411	218.661616806635	284.616775352522
rs113858679	chr6	3457048	3456799	3457297	34262	228.690364666541	89.8724758458115	2.54460959837015	TRUE	104.341583283151	102.732549641485	113.617651595667	228.690364666541	74.9184109430382	53.7521837657163
rs79997881	chr8	124450760	124450511	124451009	24800	136.51009021479	99.6806477685993	1.36947434904002	FALSE	52.0949620025614	119.918906471589	106.191661295297	136.51009021479	106.425712392601	113.771996680949
rs2270200	chr17	55422120	55421871	55422369	73951	415.114086037239	283.752009266598	1.46294677211332	FALSE	183.406620228329	313.76118110343	313.74809019065	415.114086037239	303.594342453283	304.249812357298
rs3813967	chr1	206612653	206612404	206612902	71328	420.887183307831	255.522646864686	1.64716195794072	FALSE	163.033723879923	292.002812680703	300.381307649984	420.887183307831	243.555691565135	278.639698547686
rs71520690	chr8	128117743	128117494	128117992	13384	107.464786077991	18.9347999188738	5.67551738272516	TRUE	20.5245556264337	25.4490283830381	29.3326616864632	107.464786077991	9.44746670151806	9.92028719691598
rs2687968	chr4	39450812	39450563	39451061	7375	55.412269703799	12.3021315394208	4.50428200399555	TRUE	21.9147656750222	9.41944557034526	17.1726025696066	55.412269703799	5.57400535389565	7.42983852823414
rs2302597	chr1	223143271	223143022	223143520	59100	390.223519116489	161.226928219393	2.4203371200218	FALSE	123.526481953672	125.923114466721	148.519806007408	390.223519116489	252.719734265608	155.445504403558
rs11020802	chr11	94493959	94493710	94494208	59013	292.175506455283	264.873988409019	1.10307360949353	FALSE	183.027472033259	277.074919408402	318.667808764646	292.175506455283	242.138571559908	303.461170278882
rs2980223	chr8	75395841	75395592	75396090	5018	38.9258181540095	8.87194166338956	4.38751962432739	TRUE	9.7567468864574	6.8304751504258	19.9573489322455	38.9258181540095	2.83424001045542	4.98089733736367
rs1473716210	chr20	29497385	29497136	29497634	14727	116.256929298287	21.1995169662989	5.48394236921066	TRUE	27.4756058693762	26.5507179234293	25.5268416575233	116.256929298287	13.0375040480949	13.4069153330705
rs10795010	chr10	3173156	3172907	3173405	83963	400.936873395686	386.901181758829	1.03627720022217	FALSE	247.988196121849	409.828509025548	391.813813223294	400.936873395686	407.705425504012	477.16996491944
rs6444772	chr3	194129838	194129589	194130087	14693	115.54712225682	21.3371104473748	5.41531256267348	TRUE	33.5925300831655	15.2033156573994	36.7586519868336	115.54712225682	8.92785603293456	12.203198476541
rs10494351	chr1	161367719	161367470	161367968	14760	101.776865652375	35.31394735401	2.88205859945639	TRUE	39.5072419262511	30.5168002688379	42.7922691058846	101.776865652375	36.9395948029356	26.8138306661411
rs13034125	chr2	127387402	127387153	127387651	34288	172.625072484593	147.84738567158	1.16758961749958	FALSE	105.125156219628	158.037364569126	152.139976278839	172.625072484593	144.829664534272	179.104766756035
rs2385160	chr8	123072669	123072420	123072918	98598	630.27079644649	306.131082740652	2.05882653536506	FALSE	212.702137434039	487.607790577171	327.57899712509	630.27079644649	310.254806477853	192.511682089106
rs7775082	chr6	46129892	46129643	46130141	54649	304.847928168928	201.625349778949	1.51195238348326	FALSE	164.297551196822	106.533378555835	238.745588156909	304.847928168928	198.160614064341	300.389616920841
rs112409204	chr1	183023054	183022805	183023303	19595	136.472233839245	49.1587834851938	2.7761515677122	TRUE	46.4077390765176	88.851261432555	63.9563414619403	136.472233839245	29.1454347741832	17.4331406807729
rs4565028	chr4	176195628	176195379	176195877	27275	114.155900455546	140.286311444181	0.813735134100867	FALSE	92.2593941335998	139.749318198631	135.895622496779	114.155900455546	161.976816597527	171.550405794367
rs116946601	chr17	56822998	56822749	56823247	13325	93.2023965914625	37.0993058333259	2.51224098397388	TRUE	17.6683058902428	94.0842867494135	50.8680335575374	93.2023965914625	9.96707737010155	12.9088255993342
rs78905038	chr6	30556713	30556464	30556962	60094	349.830766410116	213.435671650909	1.63904544963924	FALSE	161.239089089927	175.609312738367	268.542374237145	349.830766410116	155.83596324154	305.951618947563
rs2280913	chr8	123072445	123072196	123072694	67008	431.345007052101	207.168450181654	2.08209795784	FALSE	135.355905639843	334.583113416825	226.956828555071	431.345007052101	208.363878101981	130.582525194551
rs1655664	chr3	10758716	10758467	10758965	7552	45.323545621092	25.3302476182195	1.78930527266112	FALSE	23.7094004650182	30.0210399756618	29.5183114439724	45.323545621092	28.6258241055997	14.7766621008456
rs74823972	chr20	30377325	30377076	30377574	22505	117.695471568991	90.2189236475237	1.30455415350349	FALSE	81.2893730229197	90.2283733580441	94.8670260872321	117.695471568991	87.9559149911331	96.7539307782893
rs3981637	chr1	16514089	16513840	16514338	14752	71.4539088409364	67.4191501331752	1.05984588503105	FALSE	40.1644321310384	60.0971644283432	70.546907853519	71.4539088409364	83.5628429749272	82.7244032780483
rs13167709	chr5	1799807	1799558	1800056	35446	174.830206360082	154.260138766782	1.13334661668105	FALSE	123.020951026912	162.058531391554	156.96686997408	174.830206360082	157.20584591326	172.048495528103
rs533681239	chr2	96740234	96739985	96740483	56857	285.295110200004	257.805717836984	1.10662832691865	FALSE	147.463371335732	264.240236262843	330.642218123993	285.295110200004	223.007451489334	323.675311973016
rs867576050	chr17	35089311	35089062	35089560	57013	279.512548835525	254.05257592259	1.10021537006849	FALSE	160.152197597394	258.511450652809	247.749601396108	279.512548835525	262.450624968172	341.399004998468
rs9935289	chr16	89508277	89508028	89508526	29661	124.831398359199	151.268558151629	0.825230304859983	FALSE	104.240477097799	160.956841851163	144.899635735978	124.831398359199	163.48841126977	182.757424803435
rs2032449	chr6	26026371	26026122	26026620	26931	155.428813893338	101.044623834061	1.53821953109142	FALSE	58.4393751333925	81.9657018051096	134.503249315459	155.428813893338	99.151163032432	131.16362988391
rs71638498	chr1	234523859	234523610	234524108	34579	225.907921063994	103.162291215663	2.18983039637739	FALSE	70.1929691805498	139.584064767572	116.402397958306	225.907921063994	145.302037869348	44.3299863025367
rs796754117	chr7	24757442	24757193	24757691	16973	79.2333940154066	79.9738383668568	0.990741417861506	FALSE	69.4852258830865	102.732549641485	89.6688328769728	79.2333940154066	103.780421716176	34.2021617165639
rs2154114	chr1	223712428	223712179	223712677	45903	282.711412569067	151.975309894179	1.86024567257616	FALSE	112.45535465764	239.672559512118	164.578510031959	282.711412569067	137.035504505519	106.134620763658
rs10009426	chr4	51844747	51844498	51844996	26101	134.295492245416	111.455549415928	1.20492423167064	FALSE	84.4994944078422	140.410331922866	124.29251265245	134.295492245416	113.936448420308	94.1389596761734
rs10199034	chr2	235027165	235026916	235027414	12545	97.3571338075117	21.7121593215832	4.4839913140621	TRUE	20.6762149044615	30.1312089297009	35.0878041692502	97.3571338075117	10.6284000392078	12.0371685652955
rs13034122	chr2	127387400	127387151	127387649	34248	172.492575170186	147.609344535389	1.16857490095305	FALSE	104.897667302586	157.59668875297	151.95432652133	172.492575170186	144.451765866211	179.146274233847
rs558065658	chr8	103415294	103415045	103415543	93503	521.358004003908	364.791026008191	1.42919635307092	FALSE	233.706947440894	436.158889040899	416.78370560829	521.358004003908	342.943041265105	394.362546685769
rs10817198	chr9	111631117	111630868	111631366	44670	237.54875654404	184.332908462896	1.28869423547264	FALSE	115.918241505942	161.948362437515	224.543381707451	237.54875654404	162.779851267156	256.474705396418
rs140000288	chr7	10940518	10940269	10940767	61817	317.482493507027	261.792448627671	1.21272594061168	FALSE	179.564585184957	272.943583631934	272.348194266085	317.482493507027	271.803617002674	312.302263052702
rs2147774	chr1	180291258	180291009	180291507	9243	74.9366953910642	11.2730510295086	6.64741915874488	TRUE	14.9637154320797	7.60165782869968	13.3667825406668	74.9366953910642	14.1239627187695	6.30913662732732
rs140762989	chr17	21043080	21042831	21043329	64988	296.008464479201	307.89667480786	0.961388961618121	FALSE	241.188805156934	333.481423876434	321.35973024853	296.008464479201	290.556838405188	352.896576352216
rs9402289	chr6	130827346	130827097	130827595	7767	61.5260743542951	12.447908748865	4.94268359413423	TRUE	12.9921448177179	7.10589753552362	28.2187631414076	61.5260743542951	5.62124268740324	8.30149556227278
rs294671	chr2	122808445	122808196	122808694	5413	44.3108875752668	5.87488090779699	7.54243162894733	TRUE	9.83257652547132	4.07625129944766	6.96186590659727	44.3108875752668	4.06241068165276	4.44130012581594
rs75365195	chr1	165598294	165598045	165598543	73011	425.240666495491	271.418038340656	1.5667369386915	FALSE	161.643513831334	321.473007886169	334.912162546706	425.240666495491	255.648448943079	283.413058495993
rs28464394	chr4	48342137	48341888	48342386	11876	57.5795472037427	52.739582903775	1.09177100070735	FALSE	44.3856153694798	63.5674864805756	53.1886555264031	57.5795472037427	55.3621548708958	47.1940022715208
rs4926440	chr1	246765716	246765467	246765965	3545	27.8433642132497	5.48303809180732	5.07809060361132	TRUE	5.96526493576152	5.61861665599542	7.89011469414357	27.8433642132497	3.8734613476224	4.06773282551366
rs13153404	chr5	1799804	1799555	1800053	35480	175.000560050034	154.383584660484	1.13354383132695	FALSE	123.223163397616	162.278869299632	156.96686997408	175.000560050034	157.442032580798	172.006988050292
rs4374942	chr7	155235097	155234848	155235346	15516	125.22889030242	19.2620665805117	6.5013216405928	TRUE	31.0395989030303	12.5592607604604	31.0035095040465	125.22889030242	9.91984003659396	11.7881236984274
rs17194607	chr6	30213543	30213294	30213792	85840	462.585980970502	351.985598110581	1.31421848920414	FALSE	218.642125823463	360.087226276883	426.623142756281	462.585980970502	342.281718595999	412.293777100278
rs1342691469	chr1	236795115	236794866	236795364	78859	469.579946352416	282.255674133711	1.66366875632752	FALSE	166.471334181887	277.570679701578	358.489681750382	469.579946352416	311.719163816588	297.02751121812
rs1858879	chr9	133460785	133460536	133461034	20072	145.832222692714	44.7934892526621	3.25565668416972	TRUE	45.2702944913088	36.1354169248333	85.3988884542599	145.832222692714	27.7755521024631	29.3872942904457
rs117165000	chr1	236795271	236795022	236795520	90480	530.964059298418	332.028035366769	1.59915429644939	FALSE	190.660989027327	322.409443995502	419.289977334665	530.964059298418	366.042097350317	361.737669126037
rs113943134	chr15	70368543	70368294	70368792	10636	85.9055802051894	15.5739042795284	5.51599513283967	TRUE	16.4297551196822	9.03385423120832	37.5012510168706	85.9055802051894	6.18809068949433	8.71657034038642
rs3134867	chr4	1684252	1684003	1684501	42791	218.431286893882	180.430129650538	1.21061425448702	FALSE	112.379525018626	216.041318870726	136.73104640557	218.431286893882	225.22760616419	211.771151793579
rs11910705	chr21	39313678	39313429	39313927	24717	111.960230673944	119.261391774451	0.9387801786322	FALSE	81.2893730229197	125.868029989701	121.87906580483	111.960230673944	125.273408462129	141.997081592676
rs72696026	chr1	165598289	165598040	165598538	72921	424.739069519521	271.03812093339	1.56708240175523	FALSE	161.542407645983	320.1509804377	334.819337667951	424.739069519521	255.22331294151	283.454565973804
rs4728149	chr7	129091639	129091390	129091888	13462	82.1294067445889	43.3599111681245	1.89413226485033	FALSE	35.9938019852729	39.3303165919679	46.3196144985605	82.1294067445889	49.7881495170002	45.3676732478208
rs28578181	chr8	135457325	135457076	135457574	56392	360.563048877086	164.674201827964	2.18955394879501	FALSE	161.112706358237	205.079507943833	175.160546209987	360.563048877086	165.755803278134	116.26244534963
rs1196009701	chr7	107168706	107168457	107168955	118679	621.119017658519	498.957726235149	1.24483294876528	FALSE	317.978952931695	552.937980322373	550.730005651221	621.119017658519	463.728903044014	609.412789226445
rs118112836	chr7	155003352	155003103	155003601	39823	209.061833946528	158.825070837908	1.31630247569598	FALSE	130.224766733235	172.469497548252	143.321612797149	209.061833946528	164.480395273429	183.629081837474
rs28523940	chr8	143278732	143278483	143278981	16869	110.02009142727	47.5450718249302	2.31401672569523	FALSE	39.2291999165334	33.6015309819334	50.960858436292	110.02009142727	72.5093069341511	41.4244628557412
rs9920314	chr15	31335683	31335434	31335932	10916	75.8736406857997	26.4336556475612	2.87034232788002	TRUE	28.9669221033165	40.8726819485157	33.6026061091762	75.8736406857997	14.7380480543682	13.9880200224296
rs4950824	chr1	202108361	202108112	202108610	14006	113.59751891626	19.4431231749422	5.8425551231739	TRUE	18.5782615584098	13.7711192548907	37.5012510168706	113.59751891626	15.4938453904896	11.8711386540501
rs1261702819	chr6	32968483	32968234	32968732	53624	281.831251837648	220.601183111523	1.27756001968118	FALSE	165.889973616114	231.079381097066	248.677850183654	281.831251837648	208.977963437579	248.380747223202
rs1350183792	chr8	144042003	144041754	144042252	24771	202.919637014373	30.9655915616755	6.55306831811075	TRUE	34.7552512147123	19.0041445717492	57.1801253128522	202.919637014373	21.6819360799839	22.2065006290797
rs2297668	chr10	97400289	97400040	97400538	7445	31.9886373354126	33.2259402879606	0.962760934925404	FALSE	46.2055267058138	34.2074602291486	24.8770675062409	31.9886373354126	40.2934454819745	20.5462015166251
rs10793239	chr11	77179196	77178947	77179445	13903	111.638451481813	19.4465996801888	5.74076976529446	TRUE	25.0490574209308	12.6694297144995	39.172098834454	111.638451481813	8.92785603293456	11.4145563981251
rs10801584	chr1	196992101	196991852	196992350	31889	256.48640841036	44.8213891025306	5.7224109637396	TRUE	58.1360565773369	30.1312089297009	96.0737495110423	256.48640841036	17.8084747323615	21.9574557622115
rs58021848	chr16	15577116	15576867	15577365	15880	130.519318784815	18.3273403907494	7.12156352215152	TRUE	25.1754401526207	15.2033156573994	28.86853729269	130.519318784815	11.4314347088368	10.9579741422001
rs201325	chr6	21045377	21045128	21045626	17239	140.343048238708	22.476160738822	6.24408456006012	TRUE	28.9416455569786	16.0295828126928	46.7837388923337	140.343048238708	9.2112800339801	11.4145563981251
rs11103603	chr9	134449754	134449505	134450003	24875	125.976553719431	112.968407107859	1.11514853528166	FALSE	62.8880472888757	159.634814402693	130.790254165274	125.976553719431	111.952480412989	99.576439269462
rs2231517	chr8	140511246	140510997	140511495	53538	322.365965952315	179.782618472197	1.79308750029229	FALSE	134.294290693648	178.033029727227	195.489194657251	322.365965952315	204.395942087343	186.700635195515
rs2517764	chr6	29927225	29926976	29927474	33336	164.798266840692	146.677651880724	1.12354039437926	FALSE	72.695347268009	158.75346277038	106.377311052806	164.798266840692	174.825371311592	220.736767000833
rs57873509	chr19	17340790	17340541	17341039	22647	171.792232222606	35.0863511723196	4.89626953167296	TRUE	68.4236109368917	15.8643293816341	47.1550384073522	171.792232222606	23.1935307522268	20.7952463834933
rs78365041	chr17	17042272	17042023	17042521	55001	282.881766259018	240.63051042493	1.17558561364258	FALSE	137.858283727302	259.172464377044	290.727520259502	282.881766259018	204.25423008682	311.140053673984
rs2584624	chr17	63827186	63826937	63827435	46333	252.454704414832	188.86166963335	1.33671752931624	FALSE	101.965587927381	197.202427730035	219.71648801221	252.454704414832	195.845984722469	229.577859774654
rs6138520	chr20	25166353	25166104	25166602	3794	28.7519172263265	7.42999182509331	3.86971047925283	TRUE	6.11692421378936	9.30927661630614	12.4385337531205	28.7519172263265	4.3458346826983	4.93938985955231
rs6575157	chr14	90828377	90828128	90828626	44709	209.298436293683	222.528818373009	0.940545309250019	FALSE	91.6527570214884	268.867332332487	245.893103821016	209.298436293683	259.427435623686	246.80346306637
rs4720583	chr7	47182027	47181778	47182276	16518	133.538364734518	20.5614805552207	6.49458896580343	TRUE	31.0901519957062	15.2033156573994	31.9317582915928	133.538364734518	11.7148587098824	12.8673181215228
rs8027820	chr15	52824803	52824554	52825052	6460	51.5887757737675	9.62573044033813	5.35946607829123	TRUE	10.7678087399763	8.37284050697357	19.2147499022085	51.5887757737675	3.92069868112999	5.85255437140231
rs147031531	chr3	33277369	33277120	33277618	5820	17.7641042244288	32.040502872656	0.554426511189033	FALSE	54.4204042656549	56.1310820829346	29.3326616864632	17.7641042244288	11.8093333768976	8.5090329513296
rs859002	chr1	158178002	158177753	158178251	40976	265.221767067338	121.811631732689	2.17731068285299	FALSE	101.965587927381	214.388784560139	124.29251265245	265.221767067338	126.737765800865	41.6735077226094
rs1420874493	chr19	39897998	39897749	39898247	6203	36.9478225317902	22.3297587495101	1.65464494920263	FALSE	11.2227865740598	18.0677084624166	27.8474636263891	36.9478225317902	29.5233334422439	24.9875016424411
rs9393984	chr6	29964961	29964712	29965210	21034	112.054871612806	86.1851437302281	1.30016458478684	FALSE	54.1170857095992	84.9953480411856	97.930247086135	112.054871612806	73.9264269393788	119.956610874842
rs72625415	chr3	120596154	120595905	120596403	47209	213.557278542481	229.980363225969	0.928589187123983	FALSE	161.340195275279	224.30399042366	271.884069872312	213.557278542481	206.096486093616	286.277074464977
rs114965076	chr6	30742855	30742606	30743104	79720	448.910365304919	303.720332953831	1.47803856573922	FALSE	222.383054681482	379.036286371613	336.026061091762	448.910365304919	346.722027945713	234.434234678583
rs409632	chr6	29927074	29926825	29927323	35403	177.584257680971	154.106746058608	1.15234577474911	FALSE	76.436276126029	176.215241985582	114.545900383214	177.584257680971	183.139142008928	220.197169789286
rs6993178	chr8	124724505	124724256	124724754	17763	143.560840160022	25.8922310160027	5.54455272978578	TRUE	24.4424203088195	25.4490283830381	53.9312545564402	143.560840160022	11.525909375852	14.1125424558637
rs72759286	chr9	124223579	124223330	124223828	26957	181.294182484368	77.5587360298625	2.33750821331802	FALSE	43.7537017110305	98.1054535718416	97.8374222073803	181.294182484368	113.936448420308	34.1606542387525
rs6960419	chr7	2555772	2555523	2556021	53615	281.093052514524	225.006474042857	1.24926650982044	FALSE	146.250097111509	249.312342990542	248.677850183654	281.093052514524	225.936166166804	254.855913761775
rs12227917	chr12	7189747	7189498	7189996	40241	188.590998870641	188.448470198029	1.00075632703445	FALSE	133.182122654777	218.299782428528	198.181116141136	188.590998870641	174.872608645099	217.706721120604
rs9932897	chr16	87529081	87528832	87529330	12603	100.868312639298	19.7698089622322	5.10213896512581	TRUE	18.1485602706643	11.7329936051669	46.5052642560698	100.868312639298	9.63641603554842	12.8258106437114
rs9259825	chr6	29927076	29926827	29927325	35475	177.924965060875	154.389080168111	1.15244526923236	FALSE	76.6132119503948	176.270326462601	114.453075504459	177.924965060875	183.705990011019	220.902796912079
rs41297666	chr1	161523925	161523676	161524174	20346	130.017721808846	61.8071270060904	2.10360403576167	FALSE	40.7963457894877	67.808991211082	66.5554380670699	130.017721808846	61.3612962263598	72.5135637364528
rs374520415	chr5	160400015	160399766	160400264	28105	144.677603238595	117.068201688682	1.23584031489042	FALSE	104.442689468503	144.762005607411	128.191157560144	144.677603238595	113.8892110868	94.0559447205507
rs9650581	chr8	142544672	142544423	142544921	18042	148.264494821472	21.5602307741737	6.87675824876017	TRUE	24.0127190210739	12.2838383753625	34.5308548967225	148.264494821472	20.4537654087866	16.5199761689228
rs7743957	chr6	26103770	26103521	26104019	42961	231.747266991789	177.774851033537	1.30359983790998	FALSE	109.826593838491	168.999175496019	237.631689611854	231.747266991789	161.268256594913	211.148539626408
rs4360494	chr1	37990219	37989970	37990468	49245	265.874789545487	209.198310622743	1.27092225914267	FALSE	99.9940173130194	235.541223735651	273.833392326159	265.874789545487	187.910112693194	248.712807045693
rs13191012	chr6	5261059	5260810	5261308	57993	314.652729435048	231.913677627075	1.35676658942479	FALSE	158.509222085426	273.714766310208	249.79174872871	314.652729435048	236.186667537951	241.365983473081
rs7518941	chr1	228724100	228723851	228724349	10438	82.6783241899895	15.2021625410958	5.43858967212632	TRUE	23.052210260231	8.86860080014963	31.1891592615558	82.6783241899895	6.09361602247915	6.80722636106368
rs2956111	chr11	34916384	34916135	34916633	76131	397.454086845558	314.450301762805	1.26396471753226	FALSE	252.310485545642	349.951682505283	354.683861721442	397.454086845558	289.13971839996	326.165760641698
rs80278351	chr8	60516811	60516562	60517060	66430	350.455396606606	274.176006465657	1.27821322195275	FALSE	178.679906063128	340.091561118782	265.943277632016	350.455396606606	283.990849047633	302.174438466729
rs1314503321	chr2	90238069	90237820	90238318	1632	7.88359020721855	6.40472894257922	1.23090146013951	FALSE	10.5908729156105	8.26267155293444	5.56949272527782	7.88359020721855	4.48754668322108	3.11306083585229
rs76183056	chr4	84582843	84582594	84583092	26986	118.660809145386	115.972205737783	1.02318317040276	FALSE	160.051091412042	84.5546722250291	69.804308823482	118.660809145386	193.767542048135	71.6834141802255
rs117700569	chr17	64919851	64919602	64920100	17264	90.4672734583459	71.7478393850302	1.26090589255042	FALSE	45.4725068620126	85.0504325182052	66.276963430806	90.4672734583459	86.7277443199358	75.2115497941914
rs1159540381	chr19	39898002	39897753	39898251	6201	36.9194302501315	22.3471777541218	1.65208469079824	FALSE	11.2227865740598	18.0677084624166	27.9402885051437	36.9194302501315	29.4760961087363	25.0290091202524
rs74334202	chr11	111334914	111334665	111335163	24536	195.017118619382	35.4177845457014	5.50619190671685	TRUE	50.5530926759451	28.0379988029575	68.8760600359357	195.017118619382	11.8565707104052	17.7652005032638
rs6700241	chr1	161531185	161530936	161531434	36819	220.740525802119	128.423701909708	1.71884568439957	FALSE	68.9291418636511	129.613774427032	141.92923961583	220.740525802119	130.469515147964	171.176838494065
rs7796239	chr7	124490162	124489913	124490411	6300	50.8978969200737	8.10069586571805	6.28315119636479	TRUE	11.3744458520876	7.98724916783662	12.809833268139	50.8978969200737	4.01517334814517	4.31677769238185
rs10919347	chr1	161531085	161530836	161531334	42164	249.094951085225	150.770071743014	1.65215117433786	FALSE	80.0255457060211	147.956905274546	164.949809546978	249.094951085225	164.338683272907	196.57941491462
rs876616	chr2	10408401	10408152	10408650	16549	100.735815324891	53.2708037601659	1.89101361748587	FALSE	52.7774287536867	50.787887812037	67.6693366121255	100.735815324891	42.9859734919072	52.1333921310731
rs28699074	chr8	123541414	123541165	123541663	35001	211.891598018507	115.324849337478	1.83734554379034	FALSE	92.5879892359934	95.0207228587461	138.494719101908	211.891598018507	103.874896383191	146.645919107549
rs2279339	chr10	58385238	58384989	58385487	46457	209.326828575342	225.504141802147	0.92826156939947	FALSE	162.401810221474	244.354740058781	242.551408185849	209.326828575342	224.519046161577	253.693704383056
rs62390376	chr6	29927228	29926979	29927477	33091	163.321868194442	145.855630307017	1.11975017934282	FALSE	72.3920287119534	158.037364569126	105.913186659033	163.321868194442	173.361013972856	219.574557622115
rs1445186105	chr7	5282916	5282667	5283165	11169	63.7974568869871	40.3541940949115	1.58093745440531	FALSE	35.1343994097818	55.3048149276412	36.665827108079	63.7974568869871	54.7008322017895	19.965096827266
rs28627763	chr8	131904212	131903963	131904461	47140	281.083588420637	162.414628893497	1.73065437722951	FALSE	115.235774754817	176.43557989366	172.00450033233	281.083588420637	194.570576717764	153.826712768915
rs57013687	chr6	170031311	170031062	170031560	10031	73.6968990919698	22.1708214245579	3.32404910403267	TRUE	26.0601192744497	9.97029034054089	55.6949272527782	73.6968990919698	9.87260270308637	9.25616755193415
rs7178152	chr15	89243824	89243575	89244073	44174	242.640439054825	172.417554926365	1.40728384159287	FALSE	126.509114421553	165.804275828884	210.155525500483	242.640439054825	139.255659180376	220.363199700531
rs7754915	chr6	46129832	46129583	46130081	50676	287.310962197768	183.197610350833	1.56831173533078	FALSE	149.637154320797	99.0969741581937	222.037109981076	287.310962197768	177.659611322047	267.557201972052
rs193536	chr16	14300987	14300738	14301236	13022	84.3534688078499	37.5148820872651	2.24853349163224	FALSE	38.5972862580841	44.3430040007482	47.6191628011253	84.3534688078499	37.5064428050267	19.508514571341
rs778876717	chr16	16223561	16223312	16223810	3163	24.4362904142116	5.49801846896917	4.44456317346516	TRUE	5.91471184308558	7.60165782869968	9.00401323919914	24.4362904142116	2.64529067642506	2.32441875743638
rs965682724	chr17	81911504	81911255	81911753	75437	413.68500786042	300.273288859069	1.37769499722161	FALSE	187.830015837474	298.227358583914	355.612110508989	413.68500786042	288.620107731377	371.076851633594
rs1448593231	chr8	143952222	143951973	143952471	35850	160.511032310236	180.465866639849	0.889425991179617	FALSE	104.215200551461	210.753209076848	202.172585927585	160.511032310236	176.903813985926	208.284523657424
rs312024	chr11	68326963	68326714	68327212	10485	80.9842513843567	17.9829471517876	4.50339150200453	TRUE	23.1027633529069	12.8897676225777	37.3156012593614	80.9842513843567	7.55797336121444	9.04863016287734
rs75027818	chr10	112039640	112039391	112039889	4617	25.0893128923606	12.6487296990135	1.98354407828933	FALSE	39.4819653799131	5.06777188579979	9.74661226923618	25.0893128923606	2.9287146774706	6.01858428264777
rs7536216	chr1	248906786	248906537	248907035	93293	539.718346143169	346.375135978801	1.55819021078984	FALSE	199.457227152941	395.231122615364	391.628163465785	539.718346143169	336.046390572997	409.512776086916
rs4720582	chr7	47181991	47181742	47182240	16059	129.771655367804	20.0899353908632	6.4595357248796	TRUE	30.2054728738772	14.7626398412429	31.4676338978197	129.771655367804	11.4786720423444	12.5352582990319
rs2956110	chr11	34916568	34916319	34916817	80618	405.271428395573	351.917292683215	1.15160987203998	FALSE	258.452686305769	394.955700230266	396.083757646007	405.271428395573	333.164913229034	376.929406004996
rs201145980	chr1	161531057	161530808	161531306	41598	245.820374600594	148.633605037164	1.65386807740503	FALSE	79.0144838525022	148.287412136663	161.051164639284	245.820374600594	163.29946193574	191.515502621633
rs112976522	chr15	56887355	56887106	56887604	61129	314.823083125	258.612171850581	1.21735601565922	FALSE	198.117570197029	325.934850524754	270.491696690993	314.823083125	278.983691695828	219.533050144304
rs72634327	chr17	81098211	81097962	81098460	11063	68.860747116113	34.8050590046666	1.97846948361387	FALSE	19.2354517631971	12.1185849443038	25.8981411725418	68.860747116113	97.9702296947422	18.8028874485479
rs2336030	chr1	11676543	11676294	11676792	5313	39.9384761998347	10.748025548775	3.71588958535614	TRUE	10.3381074522308	6.49996828830843	22.9277450523937	39.9384761998347	6.04637868897156	7.92792826197051
rs7534529	chr1	236064108	236063859	236064357	19843	147.630400531095	42.8900123067242	3.44206943740955	TRUE	30.9384927176784	77.8343660286424	65.534364400769	147.630400531095	22.6266827501357	17.5161556363956
rs192015523	chr17	36545472	36545223	36545721	57417	298.904477208383	241.737657505245	1.23648288931524	FALSE	164.449210474849	259.392802285122	269.192148388428	298.904477208383	240.957638222218	274.696488155606
rs56074748	chr1	16514457	16514208	16514706	15799	78.769653414982	72.1610318586497	1.0915815833853	FALSE	40.8721754285016	80.5885898796206	85.6773630905238	78.769653414982	78.4139736225999	75.2530572720028
rs9501926	chr6	3126677	3126428	3126926	34281	212.610869153859	112.862869727513	1.88379818506449	FALSE	77.8264861746175	118.046034252923	144.528336220959	212.610869153859	122.344693784659	101.568798204408
rs3750377	chr9	68780097	68779848	68780346	34466	158.286970246975	161.943351216824	0.977421851886014	FALSE	119.81082964199	172.304244117193	155.667321671515	158.286970246975	179.218443327798	182.715917325624
rs13277542	chr8	144522536	144522287	144522785	45817	244.097909513302	186.726053261613	1.30725148017405	FALSE	122.667079378181	203.426973633246	194.189646354687	244.097909513302	195.515323387916	217.831243554038
rs6558345	chr8	143291548	143291299	143291797	65034	422.969283962799	185.392921332696	2.28147483152153	FALSE	158.938923373171	188.333826929886	205.88558107777	422.969283962799	201.467227409873	172.339047872783
rs2303007	chr5	180313827	180313578	180314076	18484	113.237883348583	62.7251859345948	1.80530167685209	FALSE	20.7520445434755	76.4572541031534	50.6823838000281	113.237883348583	78.3194989555847	87.4147482707324
rs16904911	chr8	133376976	133376727	133377225	15251	126.052266470521	17.8184436029045	7.0742579587576	TRUE	19.0079628461554	13.7160347778712	28.7757124139354	126.052266470521	14.9742347219061	12.6182732546546
rs140773815	chr4	9152958	9152709	9153207	82323	383.314730579551	388.862254863253	0.985733960510894	FALSE	287.62182077979	541.645662533362	386.52279513428	383.314730579551	378.654465396844	349.866530471987
rs11868888	chr17	19004876	19004627	19005125	23083	127.13117317355	83.4561556524252	1.5233288926346	FALSE	86.4710650222041	63.0717261873996	91.0612060582923	127.13117317355	52.5279148604404	124.148866133789
rs2257153	chr6	87322684	87322435	87322933	28524	142.150690170976	121.158603684181	1.17326121173791	FALSE	106.009835341457	126.749381622014	125.220761439996	142.150690170976	106.189525725063	141.623514292374
rs56165483	chr8	100950658	100950409	100950907	46090	229.485348552984	206.084653582876	1.11354894487908	FALSE	118.926150520161	194.448203879057	225.378805616242	229.485348552984	228.014608841138	263.655499057784
rs899049	chr20	54067667	54067418	54067916	15371	117.865825258943	31.8202990770072	3.70410802782527	TRUE	26.2623316451535	20.3812564972383	87.626685544371	117.865825258943	11.7148587098824	13.116362988391
rs114076169	chr7	155003217	155002968	155003466	33171	182.070238183038	124.058965572601	1.4676104813762	FALSE	104.821837663572	132.863758571186	110.275955960501	182.070238183038	128.343835140123	143.989440527621
rs9416016	chr10	72332192	72331943	72332441	45728	235.561296827935	185.457564628846	1.27016278521375	FALSE	169.327583918078	115.677401741082	220.737561678511	235.561296827935	169.345840624711	252.199435181847
rs11080054	chr17	28318965	28318716	28319214	74578	379.879264498854	325.884930701146	1.16568527326973	FALSE	199.558333338293	354.027933804731	365.822847171998	379.879264498854	318.14344117362	391.872098017087
rs2290193	chr3	13496512	13496263	13496761	14143	81.0126436660154	53.1729820189486	1.52356780812379	FALSE	42.9954053208913	80.4233364485619	67.298037097107	81.0126436660154	38.8290881432392	36.3190430849434
rs79648291	chr1	155135097	155134848	155135346	27716	177.347655333816	82.7173367257503	2.14402037533936	FALSE	71.6084557754762	107.745237050265	84.1921650304497	177.347655333816	114.219872421353	35.8209533512071
rs76448177	chr1	164645119	164644870	164645368	4378	31.9886373354126	8.41629849475784	3.80079643745252	TRUE	12.3096780665926	9.08893870822788	10.1179117842547	31.9886373354126	5.99914135546396	4.56582255925003
rs10645042	chr2	28894429	28894180	28894678	46950	223.854212690685	221.753220273168	1.00947446181358	FALSE	137.327476254205	228.986170970323	267.42847569209	223.854212690685	211.576016780497	263.447961668727
rs12980205	chr19	43504218	43503969	43504467	65108	326.000178004622	286.043599175055	1.13968702304404	FALSE	196.095446489991	297.125669043523	321.266905369775	326.000178004622	268.685952991174	347.044021980814
rs2788472	chr7	158856613	158856364	158856862	77818	410.978277008962	320.61176762592	1.28185649594896	FALSE	218.642125823463	367.799053059622	342.430977725831	410.978277008962	296.178081092591	378.008600428091
rs77643011	chr15	82046401	82046152	82046650	38006	183.423603608767	173.890527671646	1.05482228425416	FALSE	116.752367535095	240.058150851255	154.924722641478	183.423603608767	218.708854140143	139.008543190258
rs79224858	chr7	156640803	156640554	156641052	41974	228.188767690572	155.078654187959	1.47143892165843	FALSE	175.141189575812	171.533061438919	164.39286027445	228.188767690572	109.212715069549	155.113444581067
rs143345246	chr4	1684272	1684023	1684521	47589	243.208284687998	201.196501511787	1.20880971021134	FALSE	123.55175850001	241.655600684823	157.152519731589	243.208284687998	249.271408919554	234.351219722961
rs28588068	chr6	145267163	145266914	145267412	18588	148.226638445927	28.7167680855751	5.16167550624832	TRUE	33.0364460637301	17.3516102611623	68.4119356421625	148.226638445927	10.2977387046547	14.486109756166
rs7788200	chr7	156640549	156640300	156640798	35719	190.654171337836	133.994418055319	1.42285159415465	FALSE	156.689310749092	143.274724727883	139.422967889455	190.654171337836	96.9310083575753	133.654078552592
rs972368	chr1	147111142	147110893	147111391	9320	75.3909718976026	12.644677854843	5.96226908768005	TRUE	17.1122218708074	7.54657335168012	28.2187631414076	75.3909718976026	4.53478401672867	5.81104689359095
rs1133041	chr7	1093055	1092806	1093304	11110	86.7005640916316	16.7439309046257	5.17802925642029	TRUE	25.5545883476902	11.4024867430495	27.9402885051437	86.7005640916316	8.03034669629035	10.7919442309546
rs141515945	chr11	69306238	69305989	69306487	9036	71.3781960898467	15.159992053005	4.70832674847598	TRUE	13.3965695591254	11.1270643579517	33.8810807454401	71.3781960898467	7.55797336121444	9.83727224129325
rs11668945	chr19	39194052	39193803	39194301	9229	57.3808012321321	35.4921399297114	1.61671855644007	FALSE	26.4392674695193	28.3685056650749	99.0441456311905	57.3808012321321	10.5339253721926	13.0748555105796
rs4920576	chr1	17233894	17233645	17234143	5701	34.0234175209492	19.9213473965439	1.70788736543251	FALSE	10.5150432765966	19.3346514338666	15.8730542670418	34.0234175209492	44.5448054976576	9.33918250755688
rs2697668	chr8	89882782	89882533	89883031	6882	52.7433952278859	13.6972453098674	3.85065712372765	TRUE	10.3381074522308	16.3050051977906	29.1470119289539	52.7433952278859	5.43229335337288	7.26380861698869
rs966429003	chr9	133460196	133459947	133460445	36179	196.256914918477	143.106545491018	1.37140418172413	FALSE	107.273662658355	154.677211470933	162.165063184339	196.256914918477	129.288581810275	162.128208331187
rs3778334	chr6	7543191	7542942	7543440	22091	162.261889679186	43.382049230864	3.74030025220075	TRUE	67.185060166331	33.9871223210703	79.829395728982	162.261889679186	18.5170347349754	17.3916332029615
rs12698622	chr7	67764626	67764377	67764875	12677	102.950413294266	15.7694984260935	6.5284519844915	TRUE	24.5435264941713	9.19910766226701	30.5393851102734	102.950413294266	6.47151469053987	8.09395817321596
rs114377261	chr6	28896347	28896098	28896596	43570	213.396388946415	199.337105319333	1.07053018856956	FALSE	122.363760822125	225.185342055973	225.100330979978	213.396388946415	187.484976691626	236.551116046963
rs13276393	chr8	55773374	55773125	55773623	43696	231.018531762551	175.003109033037	1.32008244332927	FALSE	136.695562595756	185.579603078908	169.776703242219	231.018531762551	186.965366023042	195.99831022526
rs2620666	chr8	144478030	144477781	144478279	75331	456.235573972851	254.340651454448	1.79379730044673	FALSE	176.506123078062	279.113045058125	286.736050473053	456.235573972851	262.828523636232	266.519515026768
rs17515806	chr5	96935929	96935680	96936178	57629	305.964691247501	236.885965966587	1.29161172549436	FALSE	165.283336504002	236.257321936905	276.989438203817	305.964691247501	239.587755550498	266.311977637711
rs12547220	chr8	126558443	126558194	126558692	76914	509.338604768413	213.488677255573	2.38578743995247	FALSE	199.558333338293	364.769406823546	238.931237914418	509.338604768413	123.10049112078	141.083917080826
rs1441042	chr13	110713242	110712993	110713491	83141	414.830163220652	376.906291922754	1.100618833144	FALSE	202.237647250118	418.47677191762	421.517774424776	414.830163220652	384.181233417232	458.118032604024
rs730551	chr6	6971520	6971271	6971769	4365	32.310416527544	9.04406147612888	3.57255604827819	TRUE	9.50398142307768	7.32623544360187	17.1726025696066	32.310416527544	4.53478401672867	6.68270392762959
rs6729945	chr2	171999788	171999539	172000037	35950	198.14973369572	135.086019056644	1.46684116594355	FALSE	124.259501797473	136.664587485536	151.118902612538	198.14973369572	122.344693784659	141.042409603015
rs555752	chr11	125625626	125625377	125625875	24402	124.112127223846	104.609860603317	1.18642856904745	FALSE	78.0034219989833	109.232517929793	119.001494563436	124.112127223846	98.0174670282498	118.794401496124
rs7550262	chr1	230112992	230112743	230113241	3712	26.5562474447242	7.93570598767371	3.3464253194326	TRUE	9.35232214504984	5.34319427089761	10.5820361780279	26.5562474447242	7.51073602770685	6.89024131668641
rs28362650	chr7	155297906	155297657	155298155	96056	510.294478250921	378.748895482959	1.34731608286335	FALSE	320.203289009436	406.248018019277	364.616123748188	510.294478250921	401.092198812949	401.584847824946
rs6663969	chr1	162197129	162196880	162197378	10945	87.2494815370322	15.7660251482945	5.53401892464127	TRUE	21.0300865531932	12.6143452374799	30.2609104740095	87.2494815370322	7.03836269263095	7.88642078415914
rs1053700295	chr1	182029813	182029564	182030062	101129	612.071343903296	339.92481279616	1.80060801936907	FALSE	231.785929919208	355.239792299161	376.869007743799	612.071343903296	324.473243863638	411.256090154994
rs10087689	chr8	108723122	108722873	108723371	9199	66.5988286773072	19.1657486913317	3.47488792375893	TRUE	22.116978045726	23.8515785494708	22.4636206586205	66.5988286773072	16.4385920606414	10.9579741422001
rs10947835	chr6	39725495	39725246	39725744	37192	237.596077013471	109.991612755213	2.16012904131375	FALSE	122.945121387898	86.8131357828312	167.363256394598	237.596077013471	109.496139070594	63.3404111401413
rs1990714	chr12	109463206	109462957	109463455	6050	20.783150174132	34.3100963562716	0.605744442053513	FALSE	40.8216223358257	63.2920640954778	35.2734539267595	20.783150174132	22.2015467485674	9.96179467472734
rs1428654600	chr8	133247706	133247457	133247955	26656	213.869593640726	39.1597180016516	5.46146919729365	TRUE	44.0317437207482	26.6608868774685	84.8419391817321	213.869593640726	17.8084747323615	22.4555454959479
rs372433495	chr3	75435824	75435575	75436073	69960	366.269897490474	291.830976687565	1.25507546062392	FALSE	216.620002116425	368.515151260876	321.823854642303	366.269897490474	264.009456973922	288.1864184443
rs747051	chr2	176002403	176002154	176002652	42019	215.118854033707	178.922068004778	1.20230476001408	FALSE	136.948328059135	181.888943118597	213.961345529423	215.118854033707	154.938453904896	206.873269411838
rs12369083	chr12	131929165	131928916	131929414	53286	263.537158355592	234.752477537223	1.12261715454655	FALSE	168.973712269346	233.11750674679	256.382315120289	263.537158355592	223.574299491425	291.714554058266
rs77298207	chr16	10532	10283	10781	2992	14.2718535804149	13.1014036251823	1.08933775255827	FALSE	11.7283175008193	16.8007654909667	10.4892112992732	14.2718535804149	12.3761813789887	14.1125424558637
rs1325748	chr1	182407768	182407519	182408017	4918	36.3610487108447	10.4248238401678	3.48792931835856	TRUE	11.5513816764535	5.06777188579979	23.5775192036761	36.3610487108447	4.91268268478939	7.0147637501205
rs907868	chr2	20171406	20171157	20171655	3119	22.9125712985307	6.60094712046097	3.47110359777139	TRUE	6.57190204787286	4.9025184547411	11.8815844805927	22.9125712985307	3.92069868112999	5.72803193796822
rs12652930	chr5	1161962	1161713	1162211	14280	99.9219032506764	34.0135539503584	2.93770840284755	TRUE	37.5356713118892	63.9530778197126	40.0075227432456	99.9219032506764	14.8325227213833	13.7389751555615
rs35533905	chr9	113407023	113406774	113407272	8801	55.0242418544642	28.0990082598688	1.95822718530071	FALSE	23.8105066503701	27.597322986801	40.1003476220003	55.0242418544642	23.3352427527496	25.6516212874229
rs530336730	chr16	1343251	1343002	1343500	102342	640.823261129622	306.805596902516	2.08869482043131	FALSE	299.375414826947	159.524645448654	378.168556046364	640.823261129622	333.353862563065	363.605505627548
rs6937430	chr6	36634120	36633871	36634369	9585	71.652654812547	20.2051090672662	3.54626419357616	TRUE	18.1738368170023	26.3854644923706	38.9864490769447	71.652654812547	8.59719469838143	8.88260025163188
rs544819730	chr7	156640664	156640415	156640913	42947	231.633697865155	160.027036040952	1.44746602571505	FALSE	181.333943428615	175.113552445191	167.734555909617	231.633697865155	115.07014442449	160.882983996847
rs1293140138	chr5	836401	836152	836650	11106	83.6815181419284	19.7680598513687	4.23316798770894	TRUE	28.0064133424736	24.4024233196664	28.7757124139354	83.6815181419284	7.65244802822962	10.0033021525387
rs368645313	chr10	3172728	3172479	3172977	77261	392.144730175391	334.016564907882	1.17402779195559	FALSE	230.699038426675	361.849929541509	368.514768655882	392.144730175391	315.40367583018	393.615412085164
rs59589390	chr9	136630574	136630325	136630823	7101	40.3359681430558	26.8238665781287	1.50373429667833	FALSE	18.0727306316504	28.3685056650749	31.1891592615558	40.3359681430558	30.090181444335	26.3987558880275
rs12041259	chr1	2207111	2206862	2207360	6697	50.519333164625	12.9064312762587	3.91427592052924	TRUE	13.1943571884217	8.9236852771692	24.2272933549585	50.519333164625	8.2665333638283	9.92028719691598
rs17663005	chr8	125452146	125451897	125452395	45810	365.399200852942	68.5811231002083	5.32798508299483	TRUE	69.6368851611144	91.6605697605527	112.039628656839	365.399200852942	34.5777281275561	34.9908037949798
rs116136191	chr17	48892389	48892140	48892638	78641	400.738127424076	349.127050054771	1.14782892749562	FALSE	200.97381993322	416.328477313857	406.944268460299	400.738127424076	333.542811897095	387.845872669384
rs149016831	chr3	8444596	8444347	8444845	31106	204.736743040527	93.5457783425257	2.18862621775262	FALSE	85.5611093540371	194.888879695214	143.13596303964	204.736743040527	18.9894080700513	25.1535315536865
rs10278476	chr7	77008124	77007875	77008373	17818	141.469275411168	27.884629614877	5.07337832221702	TRUE	28.7899862789507	27.982914325938	55.0451531014958	141.469275411168	11.9982827109279	15.6068116570728
rs6663970	chr1	181166708	181166459	181166957	13947	86.2841439606381	46.4688682383293	1.85681612726405	FALSE	27.2986700450104	45.8853693572959	58.3868487366624	86.2841439606381	47.8514188431889	52.922034209489
rs1320833275	chr2	173986978	173986729	173987227	10667	83.3408107620247	18.6825627245377	4.46088751264113	TRUE	13.7251646615191	10.7965574958343	35.2734539267595	83.3408107620247	23.2407680857344	10.376869452841
rs1530531	chr2	120067438	120067189	120067687	7632	60.9582287211221	10.9823405934149	5.55056804172263	TRUE	12.865762086028	12.8346831455582	18.0080264783983	60.9582287211221	5.10163201881975	6.1015992382705
rs56123640	chr1	247210941	247210692	247211190	58983	342.013424860101	218.213942004855	1.5673307659347	FALSE	133.510717757171	262.367364044178	250.070223364974	342.013424860101	211.434304779974	233.687100077979
rs567378743	chr14	102305238	102304989	102305487	40929	175.937505344769	209.878453524876	0.838282836517641	FALSE	142.205849697434	238.295447586629	240.137961338229	175.937505344769	181.202411335116	247.550597666974
rs10231763	chr7	48905063	48904814	48905312	5827	45.3803301844093	7.79796390587441	5.81951016087971	TRUE	15.2923105344734	10.466050633717	5.56949272527782	45.3803301844093	2.59805334291746	5.0639122929864
rs12386703	chr7	92528488	92528239	92528737	72511	377.551097402845	301.549115173811	1.25203848529029	FALSE	219.880676594023	320.922163115974	333.98391375916	377.551097402845	258.104790285473	374.854032114428
rs142184627	chr7	104208108	104207859	104208357	30503	167.183218500019	116.843438607073	1.43083103760949	FALSE	92.8154781530352	126.198536851819	118.723019927172	167.183218500019	117.101349765316	129.378808338021
rs73252164	chr8	80171709	80171460	80171958	37855	243.842378978374	105.951366424634	2.30145572640467	FALSE	111.343186618769	63.2920640954778	130.883079044029	243.842378978374	94.5691416821957	129.669360682701
rs9921903	chr16	87529108	87528859	87529357	12617	101.019738141478	19.7044234432428	5.1267543266342	TRUE	18.2496664560162	11.6779091281473	46.2267896198059	101.019738141478	9.54194136853324	12.8258106437115
rs7523896	chr1	205631517	205631268	205631766	30105	179.022799951676	103.481670933482	1.72999525748625	FALSE	70.3193519122396	102.457127256387	110.554430596765	179.022799951676	96.9782456910828	137.099199210935
rs1411265494	chr20	29497376	29497127	29497625	14530	114.827851121468	20.8276819165171	5.51323241740143	TRUE	26.9195218499408	25.9998731532337	25.2483670212594	114.827851121468	12.8957920475721	13.0748555105796
rs192133670	chr1	61742713	61742464	61742962	15421	86.889845969356	57.5473646474819	1.50988401470019	FALSE	47.2418651056707	69.571694475708	68.3191107634079	86.889845969356	34.1998294594954	68.4043234331277
rs13285330	chr9	129550379	129550130	129550628	17177	101.966147530099	57.8729987537641	1.76189500675334	FALSE	65.2893191909831	100.584255037722	66.4626131883153	101.966147530099	32.8299467877752	24.1988595640252
rs34187551	chr12	103841451	103841202	103841700	61842	333.069856137626	242.241704907146	1.37494844773032	FALSE	201.150755757586	234.219196287182	258.888586846664	333.069856137626	275.251942348729	241.698043295572
rs3818598	chr9	105448019	105447770	105448268	38404	196.304235387908	158.996335259659	1.23464628959731	FALSE	134.900927805759	153.189930591405	157.802293882871	196.304235387908	193.767542048135	155.320981970124
rs172705	chr3	4303349	4303100	4303598	27529	140.361976426481	117.712893281435	1.1924095357243	FALSE	82.9323485348879	132.478167232049	120.48669262351	140.361976426481	127.729749804524	124.937508212205
rs1436121	chr12	95943447	95943198	95943696	17067	85.8582597357583	72.0357000421182	1.19188485272661	FALSE	60.739540850148	85.5461928113812	68.3191107634079	85.8582597357583	69.864016257726	75.7096395279278
rs28670551	chr17	80454724	80454475	80454973	53038	275.310491150045	229.22675762951	1.20103993965233	FALSE	132.727144820694	255.591973370772	266.03610251077	275.310491150045	224.802470162622	266.976097282693
rs750541	chr17	80195837	80195588	80196086	4865	33.5975332960695	10.8134378579813	3.10701681901018	TRUE	17.1880515098213	6.27963038023017	14.3878562069677	33.5975332960695	8.40824536435107	7.80340582853642
rs367722597	chr6	30908016	30907767	30908265	64885	363.866017643375	252.357683384974	1.44186621450433	FALSE	156.487098378388	256.363156049046	309.663795525447	363.866017643375	251.586038261426	287.688328710563
rs2458	chr8	133455823	133455574	133456072	14029	99.8935109690177	30.1819478502258	3.30971054170284	TRUE	39.1533702775195	37.7879512354202	36.2017027143058	99.8935109690177	20.8316640768473	16.9350509470365
rs28526813	chr8	143264656	143264407	143264905	13168	107.256576012494	17.4142599259679	6.15912341198922	TRUE	14.8120561540519	16.9109344450058	25.9909660512965	107.256576012494	15.4938453904896	13.8634975889955
rs294672	chr2	122808473	122808224	122808722	5547	45.323545621092	6.08559548979123	7.44767635264677	TRUE	10.2370012668789	4.18642025348678	7.24034054286116	45.323545621092	4.15688534866794	4.60733003706139
rs111678021	chr7	155214463	155214214	155214712	7061	54.5983576295844	10.6584916626345	5.12252196255778	TRUE	16.7330736757378	9.52961452438439	13.0883079044029	54.5983576295844	6.802176025093	7.13928618355459
rs77382273	chr15	29687586	29687337	29687835	5085	36.4556896497069	12.9695996073042	2.81085698506651	TRUE	10.2370012668789	9.47453004736482	31.0963343828011	36.4556896497069	5.90466668844878	8.13546565102733
rs1204810729	chr3	61561006	61560757	61561255	16569	108.600477344337	46.5230753794714	2.33433573465476	FALSE	61.700049610991	67.3683153949255	77.323124002607	108.600477344337	11.9038080439127	14.3200798449206
rs4035369	chr6	112813543	112813294	112813792	1074	8.0255516155118	2.0644304479356	3.88753790351099	TRUE	2.90680282886684	1.21185849443038	4.36276930146762	8.0255516155118	0.803034669629035	1.0376869452841
rs921489133	chr17	81911513	81911264	81911762	76277	419.221502783857	302.78559021979	1.38454905492546	FALSE	189.548820988456	299.99006184854	360.160529567966	419.221502783857	289.706566402051	374.521972291937
rs72729233	chr1	191840091	191839842	191840340	5146	40.9795265273185	6.61319668054414	6.19662902932847	TRUE	10.6414260082864	4.73726502368241	7.51881517912505	40.9795265273185	5.8101920214336	4.35828517019321
rs186587390	chr9	97013404	97013155	97013653	6497	32.1022064620472	27.4199489473411	1.17076098586829	FALSE	23.962165928398	32.1142501024052	22.4636206586205	32.1022064620472	26.972517432834	31.5871906144479
rs4849159	chr2	113167484	113167235	113167733	40702	295.828646695363	80.6683897268609	3.66721894036839	TRUE	117.965641759318	37.0718530341659	123.735563379922	295.828646695363	78.744634957153	45.8242555037458
rs2503701	chr1	2189679	2189430	2189928	49845	283.260330014467	193.29619795517	1.46542111542288	FALSE	121.099933505226	273.935104218286	233.36174518914	283.260330014467	173.88062464144	164.203582221756
rs78879110	chr1	246583639	246583390	246583888	25603	199.181319929318	42.9688902621307	4.63547740502993	TRUE	52.2213447342513	46.3260451734524	82.6141420916209	199.181319929318	17.6195253983312	16.0633939129978
