SYMBOL	ensembl	TCGA_LIHC_dir	TCGA_LIHC_log2FC	COSMIC_CGC_HCC	CGC_HCC_score	DisGeNET_HCC	DisGeNET_enrich_padj	n_curated_sources	curated_HCC_hit	OT_HCC_overall	OT_clinvar	OT_intogen	OT_europepmc
NDRG1	ENSG00000104419	Up	1.192	yes	0.5319	yes	0.9816	2	yes	0.3521	0	0	0.9453
PBX1	ENSG00000185630	ns	-0.316	yes	0.5319	no		1	yes	0.3317	0	0	0.1084
ELK4	ENSG00000158711	Up	0.34	yes	0.4559	no		1	yes	0.2914	0	0	0.4668
PLEC	ENSG00000178209	Up	0.71	yes	0.304	no		1	yes	0.2116	0	0	0.8809
N4BP2	ENSG00000078177	Down	-0.676	yes	0.304	no		1	yes	0.2101	0	0.1667	0
CHEK1	ENSG00000149554	Up	2.22	no	0	yes	0.9816	1	yes	0.1216	0	0	0.9582
USP22	ENSG00000124422	Up	0.591	no	0	yes	0.9816	1	yes	0.1175	0	0	0.9626
HDAC11	ENSG00000163517	Up	1.758	no	0	yes	0.9816	1	yes	0.1133	0	0	0.7935
YWHAZ	ENSG00000164924	Up	0.637	no	0	yes	0.9816	1	yes	0.1109	0	0	0.9123
SDC1	ENSG00000115884	Down	-0.295	no	0	yes	0.9816	1	yes	0.1069	0	0	0.8792
MTSS1	ENSG00000170873	ns	0.07	no	0	yes	0.9816	1	yes	0.1055	0	0	0.8679
LAMC1	ENSG00000135862	Up	1.391	no	0	yes	0.9816	1	yes	0.1046	0	0	0.8562
TP53INP1	ENSG00000164938	ns	0.023	no	0	yes	0.9816	1	yes	0.0996	0	0	0.8191
NEK6	ENSG00000119408	Down	-0.402	no	0	yes	0.9816	1	yes	0.0952	0	0	0.7832
FZD7	ENSG00000155760	Up	0.583	no	0	yes	0.9816	1	yes	0.0924	0	0	0.7597
TFAM	ENSG00000108064	Down	-0.382	no	0	yes	0.9816	1	yes	0.0908	0	0	0.747
DCAF13	ENSG00000164934	Up	1.054	no	0	yes	0.9816	1	yes	0.0872	0	0	0.7173
CES1	ENSG00000198848	ns	-0.321	no	0	yes	0.9816	1	yes	0.0867	0	0	0.7133
GALNT2	ENSG00000143641	Down	-0.342	no	0	yes	0.9816	1	yes	0.0816	0	0	0.6713
MAP3K2	ENSG00000169967	Down	-0.512	no	0	yes	0.9816	1	yes	0.0803	0	0	0.6604
CD1D	ENSG00000158473	Down	-1.593	no	0	yes	0.9816	1	yes	0.0802	0	0	0.6518
TPD52	ENSG00000076554	Up	0.452	no	0	yes	0.9816	1	yes	0.0776	0	0	0.6386
PEX5	ENSG00000139197	ns	-0.039	no	0	yes	0.9816	1	yes	0.0752	0	0	0.6183
ING1	ENSG00000153487	ns	-0.036	no	0	yes	0.9816	1	yes	0.0736	0	0	0.6054
KLF10	ENSG00000155090	Down	-1.44	no	0	yes	0.9816	1	yes	0.0648	0	0	0.5331
INSIG1	ENSG00000186480	ns	-0.397	no	0	yes	0.9816	1	yes	0.06	0	0	0.4937
HES1	ENSG00000114315	Down	-0.976	no	0	yes	0.9816	1	yes	0.059	0	0	0.4855
MOK	ENSG00000080823	Up	0.41	no	0	yes	0.9816	1	yes	0.0425	0	0	0.3496
SPG7	ENSG00000197912	Down	-0.284	no	0	yes	0.9816	1	yes	0.0373	0	0	0.3067
XPR1	ENSG00000143324	Up	0.643	no	0	yes	0.9816	1	yes	0.0342	0	0	0.2792
FSD1L	ENSG00000106701	Up	1.165	no	0	yes	0.9816	1	yes	0.0292	0	0	0.2401
HNF4G	ENSG00000164749	ns	-0.197	no	0	yes	0.9816	1	yes	0.0287	0	0	0.2358
MTR	ENSG00000116984	Up	0.76	no	0	yes	0.9816	1	yes	0.0251	0	0	0.2064
SP3	ENSG00000172845	ns	-0.044	no	0	yes	0.9816	1	yes	0.0247	0	0	0.2028
PADI1	ENSG00000142623	Up	1.949	no	0	yes	0.9816	1	yes	0.0174	0	0	0.1305
LAMTOR2	ENSG00000116586	Up	0.632	no	0	yes	0.9816	1	yes	0	0	0	0
SH3BP4	ENSG00000130147	ns	-0.066	no	0	yes	0.9816	1	yes	0	0	0	0
PSMC5	ENSG00000087191	Up	0.384	no	0	no		0	no	0.1163	0	0	0.5836
GSDME	ENSG00000105928	Up	0.701	no	0	no		0	no	0.1112	0	0	0.9122
GPER1	ENSG00000164850	ns	-0.328	no	0	no		0	no	0.1002	0	0	0.8241
PUS1	ENSG00000177192	Up	0.683	no	0	no		0	no	0.0996	0	0	0.8194
TRIM26	ENSG00000234127	ns	0.018	no	0	no		0	no	0.0987	0	0	0.8116
KLF13	ENSG00000169926	Up	1.065	no	0	no		0	no	0.0981	0	0	0.8019
FANCI	ENSG00000140525	Up	2.199	no	0	no		0	no	0.0972	0	0	0.7932
FBXO32	ENSG00000156804	Up	1.685	no	0	no		0	no	0.0966	0	0	0.7917
HPCAL1	ENSG00000115756	ns	0.073	no	0	no		0	no	0.0961	0	0	0.79
NID1	ENSG00000116962	ns	-0.215	no	0	no		0	no	0.0947	0	0	0.7789
NDUFA4	ENSG00000189043	Up	0.317	no	0	no		0	no	0.0945	0	0	0.0697
PAXIP1	ENSG00000157212	Up	0.499	no	0	no		0	no	0.0932	0	0	0.7665
PSD4	ENSG00000125637	Down	-0.619	no	0	no		0	no	0.0931	0	0	0.7659
TBC1D31	ENSG00000156787	Up	1.399	no	0	no		0	no	0.0928	0	0	0.7633
NDUFB4	ENSG00000065518	ns	0.092	no	0	no		0	no	0.0924	0	0	0
ABCC6	ENSG00000091262	Down	-0.657	no	0	no		0	no	0.0924	0	0	0.7568
SF3A3	ENSG00000183431	Up	0.223	no	0	no		0	no	0.0921	0	0	0.7574
CPT1A	ENSG00000110090	Down	-0.484	no	0	no		0	no	0.0901	0	0	0.741
HBP1	ENSG00000105856	Down	-0.393	no	0	no		0	no	0.0862	0	0	0.7093
CAPN2	ENSG00000162909	Up	0.76	no	0	no		0	no	0.0845	0	0	0.6947
KHDRBS3	ENSG00000131773	Up	0.489	no	0	no		0	no	0.0819	0	0	0.6736
TRIB1	ENSG00000173334	Down	-1.989	no	0	no		0	no	0.0814	0	0	0.6697
NPTX1	ENSG00000171246	Up	3.688	no	0	no		0	no	0.0811	0	0	0.6669
GPAM	ENSG00000119927	ns	-0.006	no	0	no		0	no	0.0801	0	0	0.6586
ST3GAL1	ENSG00000008513	Down	-0.397	no	0	no		0	no	0.0787	0	0	0.6446
TTYH3	ENSG00000136295	Up	1.014	no	0	no		0	no	0.0782	0	0	0.6428
PTPRG	ENSG00000144724	Up	0.801	no	0	no		0	no	0.0782	0	0	0.6402
BAIAP2	ENSG00000175866	Down	-0.383	no	0	no		0	no	0.0762	0	0	0.6271
SLC50A1	ENSG00000169241	Up	1.238	no	0	no		0	no	0.0761	0	0	0.6231
FCGBP	ENSG00000275395	Up	1.457	no	0	no		0	no	0.0759	0	0	0.6246
RRP12	ENSG00000052749	Up	0.698	no	0	no		0	no	0.0752	0	0	0.6181
RPL9	ENSG00000163682	Up	0.427	no	0	no		0	no	0.0752	0	0	0.6188
PDHX	ENSG00000110435	Down	-0.312	no	0	no		0	no	0.0744	0	0	0.6123
EPB41L5	ENSG00000115109	Down	-0.59	no	0	no		0	no	0.0743	0	0	0.611
TRIM37	ENSG00000108395	Up	0.533	no	0	no		0	no	0.0683	0	0	0.5584
PCYT2	ENSG00000185813	ns	0.221	no	0	no		0	no	0.0659	0	0	0.5394
PPP1R16A	ENSG00000160972	Up	1.184	no	0	no		0	no	0.0628	0	0	0.5132
TRAPPC9	ENSG00000167632	Up	0.537	no	0	no		0	no	0.0578	0	0	0.4757
MINCR	ENSG00000253716	Up	1.551	no	0	no		0	no	0.0553	0	0	0.455
HSPA6	ENSG00000173110	Up	1.248	no	0	no		0	no	0.0492	0	0	0.4049
APIP	ENSG00000149089	Up	0.472	no	0	no		0	no	0.0468	0	0	0.3849
CLIC5	ENSG00000112782	Up	1.41	no	0	no		0	no	0.0414	0	0	0.3403
TMEM97	ENSG00000109084	ns	0.206	no	0	no		0	no	0.04	0	0	0.3293
SLC29A4	ENSG00000164638	Up	1.426	no	0	no		0	no	0.0384	0	0	0.316
ZNF251	ENSG00000198169	Up	1.266	no	0	no		0	no	0.0384	0	0	0.3161
MAD2L2	ENSG00000116670	Up	0.384	no	0	no		0	no	0.0365	0	0	0.2974
PEX1	ENSG00000127980	ns	-0.15	no	0	no		0	no	0.0352	0	0	0.0836
RHOU	ENSG00000116574	ns	0.012	no	0	no		0	no	0.0347	0	0	0.2856
MTCH1	ENSG00000137409	Up	0.465	no	0	no		0	no	0.0319	0	0	0.2623
TAF1A	ENSG00000143498	Up	0.941	no	0	no		0	no	0.0301	0	0	0.2477
MEX3B	ENSG00000183496	Up	0.791	no	0	no		0	no	0.029	0	0	0.2384
ATP6V0D2	ENSG00000147614	Up	2.822	no	0	no		0	no	0.0272	0	0	0.0482
PABIR1	ENSG00000187866	Down	-0.747	no	0	no		0	no	0.0264	0	0	0.217
LRP5	ENSG00000162337	Down	-0.294	no	0	no		0	no	0.026	0	0	0.2139
SLC25A12	ENSG00000115840	Up	0.714	no	0	no		0	no	0.0258	0	0	0.212
FAM83G	ENSG00000188522	Up	0.435	no	0	no		0	no	0.0229	0	0	0.1881
TLR5	ENSG00000187554	Up	0.59	no	0	no		0	no	0.0228	0	0	0.1877
KCTD10	ENSG00000110906	Up	0.299	no	0	no		0	no	0.0195	0	0	0.1607
DUSP10	ENSG00000143507	Down	-1.138	no	0	no		0	no	0.0184	0	0	0.1513
CFHR5	ENSG00000134389	ns	-0.025	no	0	no		0	no	0.017	0	0	0.1398
TERLR1	ENSG00000249201	ns	-0.162	no	0	no		0	no	0.0148	0	0	0
WIPI1	ENSG00000070540	ns	0.268	no	0	no		0	no	0.0107	0	0	0.088
CDKAL1	ENSG00000145996	Up	0.392	no	0	no		0	no	0.0101	0	0	0.0834
ORC5	ENSG00000164815	ns	0.105	no	0	no		0	no	0.0094	0	0	0.0775
TMEM74	ENSG00000164841	Up	1.575	no	0	no		0	no	0.0086	0	0	0.0663
ADGRB1	ENSG00000181790	Up	1.48	no	0	no		0	no	0.008	0	0	0.0305
GFPT2	ENSG00000131459	ns	-0.032	no	0	no		0	no	0.0078	0	0	0.0638
RGS18	ENSG00000150681	Down	-1.238	no	0	no		0	no	0.0077	0	0	0
PATJ	ENSG00000132849	ns	-0.092	no	0	no		0	no	0.0076	0	0	0.0604
CARD14	ENSG00000141527	Up	1.008	no	0	no		0	no	0.0074	0	0	0.0608
FARS2	ENSG00000145982	Up	0.223	no	0	no		0	no	0.0074	0	0	0.0608
CDS1	ENSG00000163624	Up	1.201	no	0	no		0	no	0.0074	0	0	0.0608
ZNF648	ENSG00000179930	Up	2.244	no	0	no		0	no	0.0074	0	0	0.0608
ADAMTS17	ENSG00000140470	ns	0.571	no	0	no		0	no	0.007	0	0	0
LHX4-AS1	ENSG00000230124	Up	1.088	no	0	no		0	no	0.007	0	0	0.0578
AMDHD1	ENSG00000139344	Down	-1.346	no	0	no		0	no	0.0067	0	0	0.0486
LRATD2	ENSG00000168672	Up	0.357	no	0	no		0	no	0.0059	0	0	0.0486
EIF2D	ENSG00000143486	Up	0.709	no	0	no		0	no	0.0052	0	0	0.0426
BRWD1	ENSG00000185658	Down	-0.399	no	0	no		0	no	0.0052	0	0	0.0426
C17orf67	ENSG00000214226	Up	0.476	no	0	no		0	no	0.0052	0	0	0.0426
CYP20A1	ENSG00000119004	Down	-0.375	no	0	no		0	no	0.005	0	0	0.041
GPR37L1	ENSG00000170075	Up	1.397	no	0	no		0	no	0.0047	0	0	0
IGSF8	ENSG00000162729	Up	0.589	no	0	no		0	no	0.0046	0	0	0.038
PGBD2	ENSG00000185220	ns	0.15	no	0	no		0	no	0.0046	0	0	0
HLA-DMA	ENSG00000204257	Up	0.814	no	0	no		0	no	0.0041	0	0	0.0334
TMEM68	ENSG00000167904	Up	0.501	no	0	no		0	no	0.004	0	0	0.0304
VPS50	ENSG00000004766	Up	0.389	no	0	no		0	no	0.0037	0	0	0.0304
GTPBP3	ENSG00000130299	Up	0.614	no	0	no		0	no	0.003	0	0	0.0243
EPM2A	ENSG00000112425	Down	-0.99	no	0	no		0	no	0.0022	0	0	0.0182
WDR43	ENSG00000163811	ns	-0.082	no	0	no		0	no	0.0022	0	0	0.0182
OSGIN2	ENSG00000164823	ns	-0.079	no	0	no		0	no	0.0022	0	0	0.0182
GTF2H4	ENSG00000213780	Up	1.007	no	0	no		0	no	0.0022	0	0	0.0182
MMD	ENSG00000108960	ns	0.086	no	0	no		0	no	0.0021	0	0	0
ZDHHC11	ENSG00000188818	Up	0.627	no	0	no		0	no	0.0018	0	0	0.0122
GLI4	ENSG00000250571	Up	1.647	no	0	no		0	no	0.0018	0	0	0.0122
H4C2	ENSG00000278705	not_tested		no	0	no		0	no	0.0018	0	0	0
UBE2V2	ENSG00000169139	ns	0.186	no	0	no		0	no	0.0017	0	0	0.0122
DSP-AS1	ENSG00000261189	Up	0.63	no	0	no		0	no	0.0016	0	0	0
RFFL	ENSG00000092871	Down	-0.295	no	0	no		0	no	0.0015	0	0	0.0122
BRAT1	ENSG00000106009	Up	0.517	no	0	no		0	no	0.0015	0	0	0.0122
DNAJB12	ENSG00000148719	ns	-0.048	no	0	no		0	no	0.0015	0	0	0.0122
SETMAR	ENSG00000170364	Up	0.357	no	0	no		0	no	0.0015	0	0	0.0122
ZNF44	ENSG00000197857	ns	0.091	no	0	no		0	no	0.0015	0	0	0.0122
LMCD1-AS1	ENSG00000227110	Up	0.539	no	0	no		0	no	0.0015	0	0	0.0122
LINC01354	ENSG00000231768	ns	0.072	no	0	no		0	no	0.0015	0	0	0.0122
BMERB1	ENSG00000166780	Down	-0.681	no	0	no		0	no	0.0014	0	0	0
EFR3A	ENSG00000132294	ns	0.042	no	0	no		0	no	0.0011	0	0	0
PHTF2	ENSG00000006576	Up	0.492	no	0	no		0	no	0	0	0	0
BAIAP3	ENSG00000007516	ns	-0.186	no	0	no		0	no	0	0	0	0
CHRAC1	ENSG00000104472	Up	0.404	no	0	no		0	no	0	0	0	0
RNF32	ENSG00000105982	Up	0.356	no	0	no		0	no	0	0	0	0
PITRM1	ENSG00000107959	ns	-0.09	no	0	no		0	no	0	0	0	0
SLAIN2	ENSG00000109171	Down	-0.362	no	0	no		0	no	0	0	0	0
DCUN1D4	ENSG00000109184	ns	-0.197	no	0	no		0	no	0	0	0	0
SMIM8	ENSG00000111850	ns	0.026	no	0	no		0	no	0	0	0	0
LMAN2L	ENSG00000114988	ns	0.029	no	0	no		0	no	0	0	0	0
RAB3GAP2	ENSG00000118873	Up	0.416	no	0	no		0	no	0	0	0	0
DYNC2I1	ENSG00000126870	Up	0.347	no	0	no		0	no	0	0	0	0
CEP350	ENSG00000135837	Up	0.487	no	0	no		0	no	0	0	0	0
SLC22A23	ENSG00000137266	Up	0.71	no	0	no		0	no	0	0	0	0
BPHL	ENSG00000137274	ns	-0.249	no	0	no		0	no	0	0	0	0
MYO7A	ENSG00000137474	ns	-0.326	no	0	no		0	no	0	0	0	0
LNPK	ENSG00000144320	ns	-0.179	no	0	no		0	no	0	0	0	0
SPATA4	ENSG00000150628	not_tested		no	0	no		0	no	0	0	0	0
C9orf43	ENSG00000157653	Down	-0.413	no	0	no		0	no	0	0	0	0
ATP5MC1	ENSG00000159199	Up	0.711	no	0	no		0	no	0	0	0	0
CACFD1	ENSG00000160325	ns	-0.009	no	0	no		0	no	0	0	0	0
LRRC14	ENSG00000160959	Up	1.484	no	0	no		0	no	0	0	0	0
FAAP20	ENSG00000162585	Up	0.245	no	0	no		0	no	0	0	0	0
CNST	ENSG00000162852	ns	-0.132	no	0	no		0	no	0	0	0	0
KIF6	ENSG00000164627	ns	0.469	no	0	no		0	no	0	0	0	0
NCF1C	ENSG00000165178	Down	-0.571	no	0	no		0	no	0	0	0	0
KRT10-AS1	ENSG00000167920	ns	0.125	no	0	no		0	no	0	0	0	0
ANKRD49	ENSG00000168876	Up	0.381	no	0	no		0	no	0	0	0	0
MRPL36	ENSG00000171421	Up	0.214	no	0	no		0	no	0	0	0	0
FAM53A	ENSG00000174137	Up	0.994	no	0	no		0	no	0	0	0	0
PHLDB3	ENSG00000176531	Up	0.4	no	0	no		0	no	0	0	0	0
LRRC37A3	ENSG00000176809	Up	1.407	no	0	no		0	no	0	0	0	0
TRMT12	ENSG00000183665	Up	0.46	no	0	no		0	no	0	0	0	0
TARS3	ENSG00000185418	ns	-0.131	no	0	no		0	no	0	0	0	0
ZNF696	ENSG00000185730	Up	1.299	no	0	no		0	no	0	0	0	0
NCCRP1	ENSG00000188505	Up	1.867	no	0	no		0	no	0	0	0	0
CFAP126	ENSG00000188931	ns	-0.09	no	0	no		0	no	0	0	0	0
H4C3	ENSG00000197061	ns	0.356	no	0	no		0	no	0	0	0	0
CIPC	ENSG00000198894	Down	-0.679	no	0	no		0	no	0	0	0	0
LINC00272	ENSG00000203729	not_tested		no	0	no		0	no	0	0	0	0
GPANK1	ENSG00000204438	Up	0.775	no	0	no		0	no	0	0	0	0
GNL1	ENSG00000204590	Up	0.394	no	0	no		0	no	0	0	0	0
HCG9	ENSG00000204625	Up	1.724	no	0	no		0	no	0	0	0	0
RNU1-1	ENSG00000206652	not_tested		no	0	no		0	no	0	0	0	0
SUPT4H1	ENSG00000213246	not_tested		no	0	no		0	no	0	0	0	0
CDC14C	ENSG00000218305	not_tested		no	0	no		0	no	0	0	0	0
FAM200C	ENSG00000221886	Up	1.248	no	0	no		0	no	0	0	0	0
HCG14	ENSG00000224157	ns	0.431	no	0	no		0	no	0	0	0	0
LOC102723427	ENSG00000225209	not_tested		no	0	no		0	no	0	0	0	0
LINC00606	ENSG00000226567	not_tested		no	0	no		0	no	0	0	0	0
TOB1-AS1	ENSG00000229980	Up	0.51	no	0	no		0	no	0	0	0	0
SSU72L6	ENSG00000230268	not_tested		no	0	no		0	no	0	0	0	0
LOC284798	ENSG00000230725	not_tested		no	0	no		0	no	0	0	0	0
LINC01741	ENSG00000236720	not_tested		no	0	no		0	no	0	0	0	0
LINC01732	ENSG00000237292	not_tested		no	0	no		0	no	0	0	0	0
LRRC52-AS1	ENSG00000237463	not_tested		no	0	no		0	no	0	0	0	0
CRYZL2P	ENSG00000242193	Up	0.574	no	0	no		0	no	0	0	0	0
CERNA3	ENSG00000253603	not_tested		no	0	no		0	no	0	0	0	0
SMLR1	ENSG00000256162	Down	-0.417	no	0	no		0	no	0	0	0	0
LCIIAR	ENSG00000256802	Up	0.999	no	0	no		0	no	0	0	0	0
LINC02321	ENSG00000258884	Up	0.874	no	0	no		0	no	0	0	0	0
LOC101928499	ENSG00000259203	ns	0.117	no	0	no		0	no	0	0	0	0
LINC02205	ENSG00000259473	not_tested		no	0	no		0	no	0	0	0	0
MIR193BHG	ENSG00000262454	ns	0.248	no	0	no		0	no	0	0	0	0
MIR3925	ENSG00000263894	not_tested		no	0	no		0	no	0	0	0	0
MIR4491	ENSG00000264032	not_tested		no	0	no		0	no	0	0	0	0
LOC124904048	ENSG00000265055	Up	1.778	no	0	no		0	no	0	0	0	0
DTX2P1-UPK3BP1-PMS2P11	ENSG00000265479	ns	-0.173	no	0	no		0	no	0	0	0	0
MIR4756	ENSG00000265595	not_tested		no	0	no		0	no	0	0	0	0
MYO15B	ENSG00000266714	Up	1.418	no	0	no		0	no	0	0	0	0
PARD6G-AS1	ENSG00000267270	Up	0.895	no	0	no		0	no	0	0	0	0
IER3-AS1	ENSG00000272273	not_tested		no	0	no		0	no	0	0	0	0
LINC02018	ENSG00000272690	ns	-0.045	no	0	no		0	no	0	0	0	0
PAXIP1-DT	ENSG00000273344	ns	0.171	no	0	no		0	no	0	0	0	0
LINC03065	ENSG00000276524	not_tested		no	0	no		0	no	0	0	0	0
GGNBP2	ENSG00000278311	Up	0.204	no	0	no		0	no	0	0	0	0
LINC01451	ENSG00000279141	Up	3.201	no	0	no		0	no	0	0	0	0
MIR3916	ENSG00000283881	not_tested		no	0	no		0	no	0	0	0	0
LOC124901628	ENSG00000286315	Up	2.229	no	0	no		0	no	0	0	0	0
ZCCHC14-DT	ENSG00000288568	Up	0.728	no	0	no		0	no	0	0	0	0
LOC124909362	ENSG00000289460	not_tested		no	0	no		0	no	0	0	0	0
LOC101929614	ENSG00000289623	not_tested		no	0	no		0	no	0	0	0	0
LOC105375587	ENSG00000290007	not_tested		no	0	no		0	no	0	0	0	0
DDX11L10	ENSG00000290355	not_tested		no	0	no		0	no	0	0	0	0
MFSD14CP	ENSG00000290770	not_tested		no	0	no		0	no	0	0	0	0
LRRC37A5P	ENSG00000290837	not_tested		no	0	no		0	no	0	0	0	0
LOC154761	ENSG00000291149	not_tested		no	0	no		0	no	0	0	0	0
